Ticket,Requester,Requester_Seniority,It_Owner,Agent,Ticket_Type,Severity,Priority,Days_Open,Satisfaction
1,1929,1 - Junior,50,Systems,Issue,2 - Normal,0 - Unassigned,3,1 - Unsatisfied
2,1587,2 - Regular,15,Software,Request,1 - Minor,1 - Low,5,1 - Unsatisfied
3,925,2 - Regular,15,Access/Login,Request,2 - Normal,0 - Unassigned,0,0 - Unknown
4,413,4 - Management,22,Systems,Request,2 - Normal,0 - Unassigned,20,0 - Unknown
5,318,1 - Junior,22,Access/Login,Request,2 - Normal,1 - Low,1,1 - Unsatisfied
6,858,4 - Management,38,Access/Login,Request,2 - Normal,3 - High,0,0 - Unknown
7,1978,3 - Senior,10,Systems,Request,2 - Normal,3 - High,9,0 - Unknown
8,1209,4 - Management,1,Software,Request,2 - Normal,0 - Unassigned,15,0 - Unknown
9,887,2 - Regular,14,Software,Request,2 - Normal,2 - Medium,6,1 - Unsatisfied
10,1780,3 - Senior,46,Access/Login,Request,2 - Normal,1 - Low,1,1 - Unsatisfied
11,1349,3 - Senior,1,Software,Request,2 - Normal,3 - High,7,0 - Unknown
12,1893,2 - Regular,50,Systems,Request,2 - Normal,1 - Low,17,1 - Unsatisfied
13,645,2 - Regular,11,Systems,Request,2 - Normal,3 - High,10,1 - Unsatisfied
14,1492,4 - Management,26,Systems,Issue,2 - Normal,3 - High,4,3 - Highly satisfied
15,1978,3 - Senior,9,Software,Issue,2 - Normal,0 - Unassigned,7,3 - Highly satisfied
16,216,4 - Management,7,Software,Request,2 - Normal,0 - Unassigned,11,2 - Satisfied
17,1586,2 - Regular,20,Access/Login,Request,2 - Normal,0 - Unassigned,0,3 - Highly satisfied
18,1554,2 - Regular,42,Systems,Request,2 - Normal,2 - Medium,7,3 - Highly satisfied
19,518,4 - Management,16,Systems,Request,2 - Normal,0 - Unassigned,7,3 - Highly satisfied
20,903,3 - Senior,42,Access/Login,Request,2 - Normal,3 - High,0,3 - Highly satisfied
21,588,4 - Management,15,Systems,Request,2 - Normal,3 - High,6,3 - Highly satisfied
22,650,2 - Regular,10,Systems,Request,2 - Normal,2 - Medium,6,0 - Unknown
23,1435,3 - Senior,9,Systems,Request,2 - Normal,2 - Medium,14,3 - Highly satisfied
24,1980,4 - Management,15,Access/Login,Request,2 - Normal,3 - High,0,2 - Satisfied
25,916,4 - Management,11,Hardware,Request,2 - Normal,3 - High,13,2 - Satisfied
26,86,2 - Regular,36,Software,Issue,2 - Normal,0 - Unassigned,3,0 - Unknown
27,24,4 - Management,42,Access/Login,Request,2 - Normal,0 - Unassigned,0,0 - Unknown
28,107,2 - Regular,29,Systems,Request,2 - Normal,0 - Unassigned,5,3 - Highly satisfied
29,197,2 - Regular,6,Systems,Request,2 - Normal,2 - Medium,20,2 - Satisfied
30,233,2 - Regular,49,Access/Login,Request,2 - Normal,3 - High,1,0 - Unknown
31,1574,1 - Junior,28,Systems,Request,2 - Normal,1 - Low,14,1 - Unsatisfied
32,1706,2 - Regular,13,Systems,Request,2 - Normal,3 - High,13,0 - Unknown
33,496,2 - Regular,12,Systems,Request,2 - Normal,3 - High,7,0 - Unknown
34,1151,2 - Regular,31,Systems,Request,2 - Normal,1 - Low,5,3 - Highly satisfied
35,1618,4 - Management,32,Access/Login,Issue,3 - Major,0 - Unassigned,0,0 - Unknown
36,1916,4 - Management,14,Access/Login,Request,2 - Normal,3 - High,0,1 - Unsatisfied
37,82,2 - Regular,43,Systems,Request,2 - Normal,3 - High,5,1 - Unsatisfied
38,341,3 - Senior,19,Access/Login,Request,2 - Normal,0 - Unassigned,0,3 - Highly satisfied
39,1887,4 - Management,8,Access/Login,Request,2 - Normal,3 - High,0,3 - Highly satisfied
40,16,4 - Management,25,Systems,Request,2 - Normal,3 - High,11,2 - Satisfied
41,1222,2 - Regular,1,Access/Login,Request,2 - Normal,2 - Medium,2,1 - Unsatisfied
42,755,3 - Senior,48,Systems,Request,2 - Normal,0 - Unassigned,5,3 - Highly satisfied
43,1961,4 - Management,18,Access/Login,Issue,2 - Normal,0 - Unassigned,0,1 - Unsatisfied
44,1350,2 - Regular,15,Hardware,Request,2 - Normal,2 - Medium,13,1 - Unsatisfied
45,1704,2 - Regular,32,Systems,Issue,2 - Normal,2 - Medium,3,0 - Unknown
46,1865,3 - Senior,2,Access/Login,Request,2 - Normal,0 - Unassigned,0,2 - Satisfied
47,822,2 - Regular,19,Software,Request,2 - Normal,3 - High,5,2 - Satisfied
48,1595,3 - Senior,43,Access/Login,Request,2 - Normal,0 - Unassigned,0,3 - Highly satisfied
49,1270,1 - Junior,27,Access/Login,Issue,4 - Critical,3 - High,0,3 - Highly satisfied
50,1166,1 - Junior,35,Systems,Request,2 - Normal,2 - Medium,6,0 - Unknown
51,207,4 - Management,25,Systems,Request,2 - Normal,0 - Unassigned,23,0 - Unknown
52,1758,2 - Regular,15,Software,Request,2 - Normal,3 - High,7,3 - Highly satisfied
53,1506,1 - Junior,10,Access/Login,Request,2 - Normal,0 - Unassigned,0,3 - Highly satisfied
54,953,2 - Regular,26,Systems,Request,2 - Normal,3 - High,10,1 - Unsatisfied
55,1246,2 - Regular,42,Systems,Request,2 - Normal,0 - Unassigned,8,0 - Unknown
56,1219,2 - Regular,2,Access/Login,Request,2 - Normal,3 - High,0,2 - Satisfied
57,1726,3 - Senior,10,Access/Login,Issue,2 - Normal,3 - High,0,2 - Satisfied
58,1271,2 - Regular,46,Systems,Issue,2 - Normal,3 - High,9,1 - Unsatisfied
59,1794,2 - Regular,36,Access/Login,Issue,2 - Normal,3 - High,0,0 - Unknown
60,1289,1 - Junior,9,Systems,Request,2 - Normal,1 - Low,14,0 - Unknown
61,469,2 - Regular,1,Systems,Request,2 - Normal,2 - Medium,14,0 - Unknown
62,846,3 - Senior,2,Software,Request,2 - Normal,3 - High,5,3 - Highly satisfied
63,1021,2 - Regular,40,Access/Login,Request,2 - Normal,0 - Unassigned,0,3 - Highly satisfied
64,39,4 - Management,6,Access/Login,Request,2 - Normal,3 - High,0,2 - Satisfied
65,1579,2 - Regular,16,Systems,Request,2 - Normal,0 - Unassigned,5,3 - Highly satisfied
66,1811,1 - Junior,18,Systems,Request,2 - Normal,0 - Unassigned,26,0 - Unknown
67,1142,2 - Regular,12,Access/Login,Request,1 - Minor,1 - Low,0,3 - Highly satisfied
68,479,2 - Regular,22,Software,Request,1 - Minor,2 - Medium,13,1 - Unsatisfied
69,1941,2 - Regular,5,Software,Request,4 - Critical,3 - High,3,3 - Highly satisfied
70,995,4 - Management,15,Access/Login,Request,2 - Normal,0 - Unassigned,0,3 - Highly satisfied
71,1099,2 - Regular,2,Access/Login,Request,2 - Normal,0 - Unassigned,0,3 - Highly satisfied
72,294,2 - Regular,21,Access/Login,Issue,2 - Normal,1 - Low,0,3 - Highly satisfied
73,228,4 - Management,47,Systems,Request,2 - Normal,3 - High,5,1 - Unsatisfied
74,176,3 - Senior,35,Access/Login,Request,4 - Critical,3 - High,1,3 - Highly satisfied
75,1883,2 - Regular,1,Software,Request,2 - Normal,1 - Low,9,3 - Highly satisfied
76,668,2 - Regular,18,Access/Login,Request,2 - Normal,1 - Low,0,2 - Satisfied
77,1178,1 - Junior,25,Systems,Request,4 - Critical,0 - Unassigned,17,0 - Unknown
78,1065,2 - Regular,44,Access/Login,Issue,2 - Normal,2 - Medium,1,2 - Satisfied
79,839,4 - Management,16,Hardware,Issue,2 - Normal,3 - High,8,1 - Unsatisfied
80,1100,2 - Regular,24,Software,Request,2 - Normal,1 - Low,6,2 - Satisfied
81,1982,3 - Senior,27,Systems,Request,2 - Normal,0 - Unassigned,6,3 - Highly satisfied
82,1599,2 - Regular,35,Hardware,Issue,2 - Normal,1 - Low,14,0 - Unknown
83,721,1 - Junior,13,Software,Request,2 - Normal,0 - Unassigned,13,0 - Unknown
84,886,2 - Regular,36,Access/Login,Request,2 - Normal,3 - High,0,1 - Unsatisfied
85,598,1 - Junior,23,Access/Login,Request,2 - Normal,0 - Unassigned,0,3 - Highly satisfied
86,77,2 - Regular,44,Systems,Request,2 - Normal,0 - Unassigned,7,1 - Unsatisfied
87,1058,4 - Management,39,Access/Login,Request,3 - Major,0 - Unassigned,0,0 - Unknown
88,643,1 - Junior,35,Systems,Request,2 - Normal,1 - Low,16,1 - Unsatisfied
89,1413,2 - Regular,23,Systems,Request,2 - Normal,3 - High,6,0 - Unknown
90,420,3 - Senior,46,Systems,Issue,2 - Normal,0 - Unassigned,9,0 - Unknown
91,1903,1 - Junior,6,Systems,Request,2 - Normal,0 - Unassigned,13,0 - Unknown
92,448,4 - Management,19,Systems,Request,2 - Normal,3 - High,5,2 - Satisfied
93,68,4 - Management,31,Software,Request,2 - Normal,3 - High,7,3 - Highly satisfied
94,81,1 - Junior,37,Software,Request,2 - Normal,3 - High,4,0 - Unknown
95,806,3 - Senior,28,Systems,Request,2 - Normal,3 - High,16,0 - Unknown
96,173,4 - Management,7,Access/Login,Request,2 - Normal,0 - Unassigned,1,0 - Unknown
97,434,3 - Senior,28,Access/Login,Request,2 - Normal,2 - Medium,1,1 - Unsatisfied
98,1653,2 - Regular,41,Systems,Request,2 - Normal,3 - High,8,3 - Highly satisfied
99,1167,2 - Regular,35,Systems,Request,2 - Normal,1 - Low,16,3 - Highly satisfied
100,634,2 - Regular,21,Software,Request,2 - Normal,2 - Medium,7,3 - Highly satisfied
101,1219,2 - Regular,2,Access/Login,Request,2 - Normal,3 - High,0,3 - Highly satisfied
102,355,4 - Management,32,Software,Request,2 - Normal,3 - High,4,1 - Unsatisfied
103,1272,3 - Senior,29,Hardware,Request,2 - Normal,0 - Unassigned,10,3 - Highly satisfied
104,1694,3 - Senior,46,Access/Login,Issue,2 - Normal,0 - Unassigned,3,1 - Unsatisfied
105,1884,2 - Regular,3,Systems,Request,2 - Normal,0 - Unassigned,22,1 - Unsatisfied
106,71,1 - Junior,15,Systems,Request,3 - Major,1 - Low,8,0 - Unknown
107,1815,2 - Regular,2,Hardware,Request,2 - Normal,2 - Medium,11,0 - Unknown
108,913,3 - Senior,8,Systems,Request,2 - Normal,0 - Unassigned,5,0 - Unknown
109,1652,4 - Management,9,Access/Login,Issue,2 - Normal,3 - High,0,3 - Highly satisfied
110,1857,2 - Regular,29,Access/Login,Request,2 - Normal,0 - Unassigned,0,2 - Satisfied
111,245,1 - Junior,4,Access/Login,Request,2 - Normal,0 - Unassigned,0,0 - Unknown
112,366,1 - Junior,22,Hardware,Request,2 - Normal,1 - Low,31,1 - Unsatisfied
113,264,4 - Management,39,Access/Login,Request,2 - Normal,0 - Unassigned,0,1 - Unsatisfied
114,1678,4 - Management,44,Systems,Request,2 - Normal,3 - High,8,3 - Highly satisfied
115,1206,2 - Regular,4,Systems,Request,2 - Normal,3 - High,16,3 - Highly satisfied
116,837,4 - Management,21,Access/Login,Request,2 - Normal,3 - High,0,3 - Highly satisfied
117,1637,3 - Senior,11,Systems,Request,2 - Normal,0 - Unassigned,6,1 - Unsatisfied
118,1585,3 - Senior,24,Systems,Request,2 - Normal,3 - High,6,3 - Highly satisfied
119,721,1 - Junior,14,Access/Login,Request,2 - Normal,1 - Low,1,1 - Unsatisfied
120,230,2 - Regular,21,Access/Login,Request,2 - Normal,2 - Medium,0,3 - Highly satisfied
121,1286,4 - Management,44,Hardware,Request,2 - Normal,3 - High,16,3 - Highly satisfied
122,1959,2 - Regular,14,Access/Login,Request,2 - Normal,0 - Unassigned,0,3 - Highly satisfied
123,188,2 - Regular,44,Systems,Request,2 - Normal,1 - Low,8,3 - Highly satisfied
124,1575,2 - Regular,37,Access/Login,Request,2 - Normal,3 - High,0,3 - Highly satisfied
125,717,2 - Regular,35,Software,Request,2 - Normal,0 - Unassigned,17,3 - Highly satisfied
126,1066,4 - Management,49,Systems,Request,2 - Normal,3 - High,21,2 - Satisfied
127,1637,3 - Senior,37,Software,Issue,2 - Normal,0 - Unassigned,2,1 - Unsatisfied
128,307,4 - Management,7,Access/Login,Request,2 - Normal,0 - Unassigned,1,0 - Unknown
129,241,3 - Senior,33,Systems,Issue,2 - Normal,3 - High,3,3 - Highly satisfied
130,57,2 - Regular,11,Software,Request,2 - Normal,2 - Medium,17,3 - Highly satisfied
131,680,1 - Junior,24,Systems,Request,1 - Minor,0 - Unassigned,9,0 - Unknown
132,795,2 - Regular,31,Hardware,Request,2 - Normal,0 - Unassigned,10,0 - Unknown
133,285,2 - Regular,39,Systems,Request,2 - Normal,0 - Unassigned,21,1 - Unsatisfied
134,173,4 - Management,7,Systems,Request,2 - Normal,3 - High,16,1 - Unsatisfied
135,1948,3 - Senior,35,Access/Login,Request,2 - Normal,2 - Medium,0,0 - Unknown
136,600,4 - Management,37,Access/Login,Request,2 - Normal,2 - Medium,1,1 - Unsatisfied
137,346,3 - Senior,12,Software,Request,3 - Major,2 - Medium,13,2 - Satisfied
138,1512,3 - Senior,41,Systems,Request,2 - Normal,0 - Unassigned,5,0 - Unknown
139,1448,2 - Regular,43,Software,Issue,2 - Normal,1 - Low,3,3 - Highly satisfied
140,1721,1 - Junior,11,Systems,Issue,2 - Normal,1 - Low,4,1 - Unsatisfied
141,946,1 - Junior,50,Software,Request,2 - Normal,2 - Medium,8,0 - Unknown
142,1914,3 - Senior,20,Systems,Request,2 - Normal,3 - High,6,0 - Unknown
143,1700,1 - Junior,15,Access/Login,Request,2 - Normal,0 - Unassigned,0,0 - Unknown
144,1451,1 - Junior,31,Hardware,Request,2 - Normal,0 - Unassigned,10,2 - Satisfied
145,740,2 - Regular,8,Systems,Request,2 - Normal,3 - High,6,0 - Unknown
146,825,2 - Regular,30,Access/Login,Request,2 - Normal,3 - High,0,2 - Satisfied
147,325,4 - Management,12,Systems,Request,2 - Normal,0 - Unassigned,5,0 - Unknown
148,1098,2 - Regular,24,Systems,Request,2 - Normal,2 - Medium,5,0 - Unknown
149,761,1 - Junior,23,Systems,Request,2 - Normal,1 - Low,13,0 - Unknown
150,1900,4 - Management,27,Systems,Request,2 - Normal,3 - High,9,2 - Satisfied
151,584,2 - Regular,10,Software,Issue,2 - Normal,3 - High,5,0 - Unknown
152,600,4 - Management,44,Systems,Request,2 - Normal,0 - Unassigned,10,0 - Unknown
153,718,2 - Regular,19,Access/Login,Request,2 - Normal,0 - Unassigned,1,0 - Unknown
154,1315,3 - Senior,49,Systems,Request,2 - Normal,2 - Medium,18,3 - Highly satisfied
155,1594,3 - Senior,6,Software,Issue,4 - Critical,3 - High,3,2 - Satisfied
156,278,2 - Regular,17,Systems,Request,2 - Normal,3 - High,5,2 - Satisfied
157,1282,1 - Junior,23,Access/Login,Issue,2 - Normal,0 - Unassigned,0,0 - Unknown
158,1646,2 - Regular,30,Systems,Request,2 - Normal,3 - High,5,0 - Unknown
159,1781,4 - Management,16,Software,Request,3 - Major,3 - High,4,3 - Highly satisfied
160,900,4 - Management,25,Systems,Issue,2 - Normal,3 - High,10,3 - Highly satisfied
161,916,4 - Management,35,Systems,Request,2 - Normal,1 - Low,6,2 - Satisfied
162,2000,2 - Regular,15,Access/Login,Request,2 - Normal,2 - Medium,0,0 - Unknown
163,1458,1 - Junior,34,Systems,Request,2 - Normal,1 - Low,8,0 - Unknown
164,97,2 - Regular,16,Access/Login,Request,2 - Normal,3 - High,0,3 - Highly satisfied
165,1464,3 - Senior,7,Software,Request,2 - Normal,0 - Unassigned,15,0 - Unknown
166,1749,2 - Regular,25,Hardware,Request,2 - Normal,1 - Low,31,2 - Satisfied
167,351,2 - Regular,5,Systems,Issue,2 - Normal,3 - High,2,3 - Highly satisfied
168,795,2 - Regular,46,Software,Request,2 - Normal,3 - High,8,0 - Unknown
169,1822,2 - Regular,13,Access/Login,Issue,3 - Major,3 - High,0,0 - Unknown
170,272,2 - Regular,40,Software,Request,2 - Normal,3 - High,2,2 - Satisfied
171,1930,2 - Regular,21,Systems,Request,2 - Normal,1 - Low,6,0 - Unknown
172,387,2 - Regular,49,Software,Issue,2 - Normal,0 - Unassigned,2,1 - Unsatisfied
173,671,2 - Regular,42,Access/Login,Issue,2 - Normal,1 - Low,0,0 - Unknown
174,52,2 - Regular,26,Access/Login,Request,2 - Normal,3 - High,0,1 - Unsatisfied
175,874,4 - Management,1,Access/Login,Request,2 - Normal,3 - High,0,1 - Unsatisfied
176,1595,3 - Senior,38,Hardware,Request,2 - Normal,3 - High,11,0 - Unknown
177,1738,2 - Regular,42,Access/Login,Request,2 - Normal,3 - High,0,2 - Satisfied
178,519,3 - Senior,18,Access/Login,Request,2 - Normal,3 - High,0,2 - Satisfied
179,923,4 - Management,39,Software,Issue,2 - Normal,0 - Unassigned,4,0 - Unknown
180,1994,1 - Junior,2,Access/Login,Request,2 - Normal,1 - Low,0,0 - Unknown
181,570,2 - Regular,7,Systems,Request,2 - Normal,0 - Unassigned,14,1 - Unsatisfied
182,954,1 - Junior,3,Software,Request,2 - Normal,0 - Unassigned,12,0 - Unknown
183,446,1 - Junior,8,Hardware,Issue,2 - Normal,1 - Low,5,3 - Highly satisfied
184,908,1 - Junior,9,Hardware,Request,2 - Normal,3 - High,12,3 - Highly satisfied
185,778,1 - Junior,23,Hardware,Issue,2 - Normal,0 - Unassigned,15,2 - Satisfied
186,1201,1 - Junior,8,Software,Request,2 - Normal,2 - Medium,6,2 - Satisfied
187,46,4 - Management,6,Access/Login,Request,2 - Normal,3 - High,1,0 - Unknown
188,992,1 - Junior,38,Systems,Issue,2 - Normal,0 - Unassigned,3,1 - Unsatisfied
189,678,3 - Senior,23,Systems,Request,2 - Normal,3 - High,6,2 - Satisfied
190,1793,1 - Junior,11,Access/Login,Issue,3 - Major,0 - Unassigned,0,2 - Satisfied
191,1441,3 - Senior,14,Access/Login,Request,2 - Normal,0 - Unassigned,2,1 - Unsatisfied
192,774,2 - Regular,7,Systems,Request,2 - Normal,2 - Medium,16,1 - Unsatisfied
193,349,2 - Regular,46,Systems,Request,2 - Normal,1 - Low,20,2 - Satisfied
194,1051,4 - Management,10,Hardware,Issue,2 - Normal,0 - Unassigned,9,1 - Unsatisfied
195,1709,2 - Regular,21,Hardware,Request,3 - Major,0 - Unassigned,10,0 - Unknown
196,1514,3 - Senior,26,Systems,Request,2 - Normal,0 - Unassigned,5,0 - Unknown
197,856,2 - Regular,11,Systems,Issue,2 - Normal,3 - High,4,2 - Satisfied
198,1019,2 - Regular,50,Access/Login,Request,2 - Normal,0 - Unassigned,1,1 - Unsatisfied
199,901,4 - Management,29,Access/Login,Request,3 - Major,0 - Unassigned,1,3 - Highly satisfied
200,359,1 - Junior,48,Systems,Request,2 - Normal,1 - Low,12,0 - Unknown
201,525,4 - Management,33,Software,Request,2 - Normal,3 - High,2,3 - Highly satisfied
202,1192,3 - Senior,20,Hardware,Issue,0 - Unclassified,3 - High,5,2 - Satisfied
203,177,3 - Senior,24,Systems,Request,2 - Normal,2 - Medium,5,3 - Highly satisfied
204,1936,2 - Regular,8,Access/Login,Request,2 - Normal,1 - Low,0,0 - Unknown
205,322,3 - Senior,14,Hardware,Request,2 - Normal,0 - Unassigned,12,0 - Unknown
206,1427,2 - Regular,37,Systems,Request,2 - Normal,3 - High,19,1 - Unsatisfied
207,1452,1 - Junior,15,Software,Request,2 - Normal,3 - High,4,0 - Unknown
208,1400,2 - Regular,47,Hardware,Request,2 - Normal,1 - Low,11,0 - Unknown
209,1792,1 - Junior,46,Hardware,Request,2 - Normal,0 - Unassigned,32,0 - Unknown
210,1445,2 - Regular,44,Systems,Request,2 - Normal,3 - High,5,1 - Unsatisfied
211,712,4 - Management,24,Hardware,Request,2 - Normal,3 - High,12,3 - Highly satisfied
212,454,4 - Management,18,Systems,Issue,3 - Major,3 - High,2,0 - Unknown
213,1415,2 - Regular,43,Access/Login,Request,2 - Normal,1 - Low,1,3 - Highly satisfied
214,961,3 - Senior,1,Software,Issue,3 - Major,2 - Medium,7,0 - Unknown
215,844,1 - Junior,25,Systems,Request,2 - Normal,0 - Unassigned,13,0 - Unknown
216,569,3 - Senior,11,Software,Request,2 - Normal,3 - High,2,0 - Unknown
217,1527,1 - Junior,9,Software,Request,2 - Normal,1 - Low,6,2 - Satisfied
218,913,3 - Senior,28,Software,Issue,2 - Normal,3 - High,3,0 - Unknown
219,624,1 - Junior,30,Systems,Request,2 - Normal,1 - Low,14,1 - Unsatisfied
220,720,4 - Management,22,Systems,Request,2 - Normal,3 - High,18,0 - Unknown
221,1234,3 - Senior,29,Systems,Issue,1 - Minor,3 - High,1,1 - Unsatisfied
222,237,1 - Junior,37,Systems,Issue,2 - Normal,1 - Low,3,1 - Unsatisfied
223,483,4 - Management,16,Systems,Request,2 - Normal,3 - High,6,0 - Unknown
224,801,4 - Management,40,Systems,Request,2 - Normal,3 - High,12,3 - Highly satisfied
225,1796,1 - Junior,11,Access/Login,Request,2 - Normal,1 - Low,0,0 - Unknown
226,1544,2 - Regular,33,Access/Login,Request,1 - Minor,3 - High,0,1 - Unsatisfied
227,1801,3 - Senior,19,Software,Request,2 - Normal,3 - High,3,2 - Satisfied
228,630,1 - Junior,34,Access/Login,Issue,2 - Normal,2 - Medium,0,0 - Unknown
229,698,4 - Management,13,Access/Login,Request,2 - Normal,0 - Unassigned,0,0 - Unknown
230,1566,2 - Regular,32,Software,Request,2 - Normal,0 - Unassigned,15,0 - Unknown
231,1860,1 - Junior,26,Systems,Request,2 - Normal,1 - Low,13,2 - Satisfied
232,524,2 - Regular,2,Systems,Request,2 - Normal,2 - Medium,8,0 - Unknown
233,507,2 - Regular,18,Software,Issue,2 - Normal,1 - Low,12,2 - Satisfied
234,1660,3 - Senior,39,Systems,Issue,2 - Normal,0 - Unassigned,18,0 - Unknown
235,705,2 - Regular,9,Access/Login,Issue,2 - Normal,3 - High,0,3 - Highly satisfied
236,1859,3 - Senior,40,Hardware,Request,2 - Normal,0 - Unassigned,15,3 - Highly satisfied
237,142,2 - Regular,26,Access/Login,Request,2 - Normal,2 - Medium,0,3 - Highly satisfied
238,461,4 - Management,7,Software,Request,2 - Normal,2 - Medium,7,2 - Satisfied
239,683,4 - Management,25,Access/Login,Request,2 - Normal,3 - High,1,0 - Unknown
240,1411,4 - Management,20,Hardware,Request,2 - Normal,3 - High,13,3 - Highly satisfied
241,499,2 - Regular,33,Systems,Request,2 - Normal,3 - High,8,2 - Satisfied
242,1200,2 - Regular,3,Systems,Request,2 - Normal,1 - Low,18,3 - Highly satisfied
243,1438,2 - Regular,5,Software,Request,2 - Normal,1 - Low,9,0 - Unknown
244,1011,2 - Regular,32,Software,Issue,2 - Normal,2 - Medium,2,2 - Satisfied
245,1471,3 - Senior,48,Systems,Issue,2 - Normal,3 - High,1,2 - Satisfied
246,1401,2 - Regular,48,Systems,Request,2 - Normal,0 - Unassigned,6,0 - Unknown
247,1579,2 - Regular,17,Access/Login,Request,2 - Normal,0 - Unassigned,0,3 - Highly satisfied
248,704,2 - Regular,35,Access/Login,Request,2 - Normal,0 - Unassigned,0,2 - Satisfied
249,521,3 - Senior,9,Access/Login,Issue,2 - Normal,2 - Medium,0,0 - Unknown
250,1745,3 - Senior,12,Systems,Request,2 - Normal,3 - High,6,1 - Unsatisfied
251,1052,4 - Management,7,Access/Login,Request,2 - Normal,0 - Unassigned,0,2 - Satisfied
252,1025,3 - Senior,7,Systems,Request,2 - Normal,3 - High,21,3 - Highly satisfied
253,767,2 - Regular,1,Software,Request,2 - Normal,3 - High,13,0 - Unknown
254,817,4 - Management,16,Systems,Request,2 - Normal,3 - High,7,3 - Highly satisfied
255,1847,3 - Senior,8,Software,Issue,2 - Normal,3 - High,2,2 - Satisfied
256,1801,3 - Senior,45,Systems,Issue,2 - Normal,3 - High,1,3 - Highly satisfied
257,292,1 - Junior,48,Software,Request,2 - Normal,1 - Low,7,3 - Highly satisfied
258,1011,2 - Regular,42,Systems,Issue,2 - Normal,1 - Low,3,1 - Unsatisfied
259,73,4 - Management,35,Access/Login,Request,3 - Major,3 - High,0,2 - Satisfied
260,1373,3 - Senior,5,Software,Request,2 - Normal,0 - Unassigned,5,3 - Highly satisfied
261,108,2 - Regular,19,Systems,Request,2 - Normal,3 - High,6,1 - Unsatisfied
262,1344,1 - Junior,45,Access/Login,Request,2 - Normal,1 - Low,0,3 - Highly satisfied
263,1990,1 - Junior,40,Systems,Request,3 - Major,3 - High,12,1 - Unsatisfied
264,1547,3 - Senior,30,Software,Request,2 - Normal,0 - Unassigned,2,0 - Unknown
265,1641,2 - Regular,26,Systems,Request,2 - Normal,2 - Medium,15,1 - Unsatisfied
266,1859,3 - Senior,32,Software,Request,2 - Normal,0 - Unassigned,6,0 - Unknown
267,1045,4 - Management,24,Access/Login,Request,4 - Critical,0 - Unassigned,0,0 - Unknown
268,166,2 - Regular,18,Access/Login,Issue,2 - Normal,2 - Medium,0,0 - Unknown
269,1591,3 - Senior,10,Hardware,Issue,2 - Normal,0 - Unassigned,7,2 - Satisfied
270,551,4 - Management,35,Systems,Issue,2 - Normal,0 - Unassigned,5,3 - Highly satisfied
271,1631,4 - Management,8,Systems,Request,2 - Normal,3 - High,7,3 - Highly satisfied
272,1002,4 - Management,40,Hardware,Request,2 - Normal,3 - High,15,3 - Highly satisfied
273,443,2 - Regular,3,Systems,Request,2 - Normal,3 - High,20,1 - Unsatisfied
274,562,3 - Senior,19,Access/Login,Request,2 - Normal,0 - Unassigned,1,3 - Highly satisfied
275,1185,2 - Regular,11,Systems,Request,1 - Minor,0 - Unassigned,5,2 - Satisfied
276,805,2 - Regular,41,Software,Issue,2 - Normal,1 - Low,3,3 - Highly satisfied
277,1878,1 - Junior,23,Systems,Request,2 - Normal,1 - Low,16,0 - Unknown
278,317,1 - Junior,19,Software,Request,2 - Normal,2 - Medium,8,0 - Unknown
279,676,2 - Regular,36,Access/Login,Request,2 - Normal,2 - Medium,0,0 - Unknown
280,1225,3 - Senior,41,Access/Login,Issue,2 - Normal,2 - Medium,1,1 - Unsatisfied
281,1315,3 - Senior,1,Access/Login,Issue,4 - Critical,0 - Unassigned,1,0 - Unknown
282,563,3 - Senior,35,Systems,Issue,2 - Normal,3 - High,7,2 - Satisfied
283,367,2 - Regular,5,Systems,Issue,2 - Normal,0 - Unassigned,7,3 - Highly satisfied
284,1966,2 - Regular,33,Hardware,Issue,2 - Normal,3 - High,5,0 - Unknown
285,167,4 - Management,34,Systems,Issue,2 - Normal,3 - High,2,3 - Highly satisfied
286,1184,1 - Junior,19,Software,Issue,2 - Normal,2 - Medium,1,2 - Satisfied
287,1177,2 - Regular,32,Systems,Request,2 - Normal,0 - Unassigned,6,1 - Unsatisfied
288,700,3 - Senior,32,Software,Request,2 - Normal,3 - High,2,2 - Satisfied
289,635,1 - Junior,25,Systems,Request,2 - Normal,1 - Low,18,0 - Unknown
290,1779,2 - Regular,26,Software,Issue,4 - Critical,3 - High,7,2 - Satisfied
291,1909,2 - Regular,44,Software,Request,2 - Normal,3 - High,4,1 - Unsatisfied
292,1968,1 - Junior,5,Access/Login,Request,2 - Normal,2 - Medium,0,0 - Unknown
293,1420,3 - Senior,24,Systems,Request,2 - Normal,0 - Unassigned,5,0 - Unknown
294,907,4 - Management,4,Systems,Request,2 - Normal,3 - High,23,1 - Unsatisfied
295,335,4 - Management,14,Software,Request,2 - Normal,3 - High,5,1 - Unsatisfied
296,640,2 - Regular,5,Hardware,Request,2 - Normal,0 - Unassigned,14,1 - Unsatisfied
297,1859,3 - Senior,25,Access/Login,Issue,2 - Normal,3 - High,0,3 - Highly satisfied
298,1095,2 - Regular,11,Software,Request,2 - Normal,0 - Unassigned,9,3 - Highly satisfied
299,1789,2 - Regular,48,Access/Login,Request,2 - Normal,0 - Unassigned,0,0 - Unknown
300,1339,1 - Junior,17,Systems,Request,2 - Normal,1 - Low,5,1 - Unsatisfied
301,1411,4 - Management,21,Hardware,Request,2 - Normal,3 - High,10,0 - Unknown
302,1742,3 - Senior,27,Systems,Request,2 - Normal,0 - Unassigned,6,3 - Highly satisfied
303,1532,3 - Senior,27,Systems,Request,2 - Normal,0 - Unassigned,6,2 - Satisfied
304,1937,2 - Regular,26,Software,Request,2 - Normal,0 - Unassigned,2,0 - Unknown
305,1513,2 - Regular,41,Access/Login,Request,2 - Normal,3 - High,0,0 - Unknown
306,22,2 - Regular,27,Systems,Issue,2 - Normal,0 - Unassigned,1,0 - Unknown
307,1007,3 - Senior,32,Access/Login,Request,2 - Normal,0 - Unassigned,0,1 - Unsatisfied
308,1840,1 - Junior,1,Systems,Request,2 - Normal,2 - Medium,13,1 - Unsatisfied
309,1570,1 - Junior,15,Access/Login,Issue,2 - Normal,0 - Unassigned,0,3 - Highly satisfied
310,832,2 - Regular,45,Hardware,Request,2 - Normal,2 - Medium,14,3 - Highly satisfied
311,1595,3 - Senior,31,Systems,Request,2 - Normal,3 - High,7,3 - Highly satisfied
312,1817,3 - Senior,8,Systems,Issue,2 - Normal,2 - Medium,3,2 - Satisfied
313,767,2 - Regular,3,Systems,Request,2 - Normal,3 - High,21,1 - Unsatisfied
314,956,4 - Management,9,Software,Request,2 - Normal,3 - High,4,3 - Highly satisfied
315,1762,2 - Regular,29,Access/Login,Issue,2 - Normal,0 - Unassigned,0,3 - Highly satisfied
316,490,2 - Regular,6,Access/Login,Request,2 - Normal,2 - Medium,0,1 - Unsatisfied
317,251,4 - Management,11,Software,Request,0 - Unclassified,2 - Medium,2,0 - Unknown
318,1738,2 - Regular,7,Access/Login,Issue,2 - Normal,0 - Unassigned,0,0 - Unknown
319,1833,1 - Junior,39,Access/Login,Request,2 - Normal,0 - Unassigned,0,0 - Unknown
320,1602,3 - Senior,5,Hardware,Request,2 - Normal,3 - High,11,3 - Highly satisfied
321,471,4 - Management,48,Access/Login,Issue,2 - Normal,0 - Unassigned,0,0 - Unknown
322,530,3 - Senior,4,Systems,Issue,2 - Normal,0 - Unassigned,3,2 - Satisfied
323,483,4 - Management,19,Access/Login,Request,2 - Normal,3 - High,0,2 - Satisfied
324,1744,4 - Management,33,Access/Login,Request,2 - Normal,0 - Unassigned,0,2 - Satisfied
325,469,2 - Regular,43,Software,Request,2 - Normal,2 - Medium,3,0 - Unknown
326,771,1 - Junior,25,Systems,Request,3 - Major,2 - Medium,21,1 - Unsatisfied
327,1423,2 - Regular,22,Software,Request,2 - Normal,0 - Unassigned,11,0 - Unknown
328,1614,2 - Regular,25,Systems,Request,2 - Normal,0 - Unassigned,21,1 - Unsatisfied
329,1252,4 - Management,37,Access/Login,Issue,2 - Normal,3 - High,0,0 - Unknown
330,528,1 - Junior,36,Systems,Issue,2 - Normal,3 - High,1,3 - Highly satisfied
331,1763,3 - Senior,7,Access/Login,Request,2 - Normal,0 - Unassigned,1,1 - Unsatisfied
332,1453,3 - Senior,3,Software,Request,2 - Normal,2 - Medium,6,0 - Unknown
333,1146,1 - Junior,26,Systems,Request,2 - Normal,0 - Unassigned,19,0 - Unknown
334,1021,2 - Regular,32,Systems,Issue,2 - Normal,3 - High,5,3 - Highly satisfied
335,622,2 - Regular,24,Systems,Request,3 - Major,3 - High,7,3 - Highly satisfied
336,809,4 - Management,1,Access/Login,Request,2 - Normal,3 - High,2,0 - Unknown
337,1311,2 - Regular,13,Systems,Request,2 - Normal,1 - Low,26,0 - Unknown
338,466,3 - Senior,4,Software,Request,2 - Normal,2 - Medium,10,0 - Unknown
339,1269,2 - Regular,3,Software,Request,2 - Normal,3 - High,8,0 - Unknown
340,1460,4 - Management,7,Hardware,Request,2 - Normal,0 - Unassigned,35,0 - Unknown
341,68,4 - Management,45,Systems,Issue,3 - Major,3 - High,2,3 - Highly satisfied
342,1206,2 - Regular,3,Hardware,Request,2 - Normal,1 - Low,32,0 - Unknown
343,1626,2 - Regular,17,Systems,Request,2 - Normal,3 - High,5,0 - Unknown
344,564,2 - Regular,45,Access/Login,Issue,2 - Normal,2 - Medium,0,3 - Highly satisfied
345,1678,4 - Management,2,Software,Request,2 - Normal,3 - High,5,2 - Satisfied
346,1906,2 - Regular,34,Hardware,Request,2 - Normal,2 - Medium,10,3 - Highly satisfied
347,203,3 - Senior,27,Hardware,Request,2 - Normal,1 - Low,11,3 - Highly satisfied
348,1450,2 - Regular,30,Software,Request,2 - Normal,3 - High,7,2 - Satisfied
349,47,4 - Management,32,Systems,Request,2 - Normal,3 - High,11,1 - Unsatisfied
350,522,2 - Regular,3,Software,Request,2 - Normal,3 - High,11,3 - Highly satisfied
351,716,2 - Regular,36,Access/Login,Request,2 - Normal,2 - Medium,0,1 - Unsatisfied
352,388,3 - Senior,16,Systems,Request,2 - Normal,3 - High,12,3 - Highly satisfied
353,1057,2 - Regular,26,Software,Request,2 - Normal,0 - Unassigned,8,0 - Unknown
354,439,2 - Regular,40,Access/Login,Request,2 - Normal,0 - Unassigned,0,0 - Unknown
355,548,4 - Management,3,Access/Login,Request,2 - Normal,1 - Low,1,2 - Satisfied
356,23,2 - Regular,15,Software,Request,2 - Normal,2 - Medium,4,1 - Unsatisfied
357,1366,3 - Senior,19,Software,Issue,2 - Normal,3 - High,4,2 - Satisfied
358,1356,2 - Regular,44,Systems,Issue,2 - Normal,0 - Unassigned,1,0 - Unknown
359,1293,2 - Regular,43,Systems,Request,2 - Normal,3 - High,5,3 - Highly satisfied
360,1601,4 - Management,5,Systems,Request,2 - Normal,3 - High,5,3 - Highly satisfied
361,78,3 - Senior,3,Access/Login,Request,2 - Normal,2 - Medium,0,0 - Unknown
362,385,4 - Management,40,Systems,Request,2 - Normal,3 - High,8,2 - Satisfied
363,114,4 - Management,28,Systems,Request,2 - Normal,3 - High,16,0 - Unknown
364,453,2 - Regular,41,Hardware,Issue,2 - Normal,3 - High,7,1 - Unsatisfied
365,905,2 - Regular,2,Software,Issue,2 - Normal,3 - High,0,3 - Highly satisfied
366,339,2 - Regular,3,Access/Login,Request,2 - Normal,0 - Unassigned,0,2 - Satisfied
367,1105,2 - Regular,21,Access/Login,Request,2 - Normal,3 - High,0,3 - Highly satisfied
368,1462,4 - Management,37,Systems,Issue,2 - Normal,3 - High,3,3 - Highly satisfied
369,1707,2 - Regular,34,Systems,Request,2 - Normal,1 - Low,9,3 - Highly satisfied
370,334,1 - Junior,25,Access/Login,Request,3 - Major,3 - High,1,0 - Unknown
371,845,2 - Regular,6,Access/Login,Request,2 - Normal,1 - Low,0,0 - Unknown
372,1621,3 - Senior,12,Hardware,Request,4 - Critical,0 - Unassigned,10,3 - Highly satisfied
373,282,2 - Regular,1,Software,Request,2 - Normal,2 - Medium,12,3 - Highly satisfied
374,1167,2 - Regular,38,Systems,Request,2 - Normal,2 - Medium,19,2 - Satisfied
375,1000,3 - Senior,31,Software,Request,2 - Normal,3 - High,4,3 - Highly satisfied
376,260,3 - Senior,27,Software,Issue,2 - Normal,3 - High,2,3 - Highly satisfied
377,1139,3 - Senior,14,Systems,Request,2 - Normal,2 - Medium,15,0 - Unknown
378,1510,3 - Senior,41,Hardware,Request,2 - Normal,0 - Unassigned,14,1 - Unsatisfied
379,1137,2 - Regular,13,Access/Login,Request,2 - Normal,3 - High,1,1 - Unsatisfied
380,573,2 - Regular,17,Access/Login,Request,2 - Normal,2 - Medium,0,2 - Satisfied
381,239,2 - Regular,16,Systems,Issue,2 - Normal,3 - High,1,2 - Satisfied
382,1222,2 - Regular,50,Access/Login,Request,2 - Normal,2 - Medium,1,1 - Unsatisfied
383,156,2 - Regular,33,Software,Request,2 - Normal,0 - Unassigned,9,2 - Satisfied
384,432,3 - Senior,38,Access/Login,Request,2 - Normal,3 - High,0,1 - Unsatisfied
385,43,1 - Junior,8,Hardware,Request,2 - Normal,0 - Unassigned,10,0 - Unknown
386,656,2 - Regular,26,Systems,Issue,2 - Normal,1 - Low,6,2 - Satisfied
387,1044,2 - Regular,9,Systems,Request,2 - Normal,0 - Unassigned,17,0 - Unknown
388,1815,2 - Regular,4,Systems,Request,2 - Normal,1 - Low,25,0 - Unknown
389,262,2 - Regular,24,Access/Login,Request,2 - Normal,3 - High,0,0 - Unknown
390,112,3 - Senior,7,Hardware,Request,2 - Normal,3 - High,31,1 - Unsatisfied
391,750,1 - Junior,20,Systems,Issue,3 - Major,2 - Medium,7,0 - Unknown
392,45,2 - Regular,42,Systems,Request,2 - Normal,2 - Medium,5,3 - Highly satisfied
393,30,2 - Regular,7,Systems,Issue,2 - Normal,1 - Low,10,2 - Satisfied
394,486,4 - Management,30,Systems,Request,2 - Normal,0 - Unassigned,10,2 - Satisfied
395,1497,1 - Junior,44,Systems,Request,2 - Normal,0 - Unassigned,26,3 - Highly satisfied
396,233,2 - Regular,24,Systems,Issue,2 - Normal,0 - Unassigned,1,0 - Unknown
397,414,3 - Senior,42,Systems,Request,3 - Major,3 - High,8,0 - Unknown
398,1496,2 - Regular,8,Systems,Request,2 - Normal,3 - High,6,2 - Satisfied
399,822,2 - Regular,14,Access/Login,Request,2 - Normal,3 - High,0,0 - Unknown
400,1904,1 - Junior,11,Systems,Issue,2 - Normal,0 - Unassigned,11,0 - Unknown
401,1976,4 - Management,37,Software,Request,2 - Normal,3 - High,3,2 - Satisfied
402,1667,2 - Regular,16,Systems,Request,2 - Normal,3 - High,6,0 - Unknown
403,1372,2 - Regular,19,Access/Login,Request,1 - Minor,3 - High,0,3 - Highly satisfied
404,1419,1 - Junior,17,Software,Issue,2 - Normal,2 - Medium,3,0 - Unknown
405,763,4 - Management,37,Systems,Request,2 - Normal,3 - High,5,1 - Unsatisfied
406,174,4 - Management,7,Software,Request,2 - Normal,3 - High,16,2 - Satisfied
407,1958,4 - Management,23,Software,Issue,2 - Normal,3 - High,0,2 - Satisfied
408,1452,1 - Junior,44,Systems,Issue,2 - Normal,1 - Low,1,2 - Satisfied
409,1173,4 - Management,9,Access/Login,Request,2 - Normal,0 - Unassigned,1,3 - Highly satisfied
410,485,4 - Management,38,Access/Login,Request,2 - Normal,3 - High,0,0 - Unknown
411,484,4 - Management,37,Systems,Request,2 - Normal,3 - High,8,1 - Unsatisfied
412,38,4 - Management,21,Access/Login,Request,2 - Normal,2 - Medium,0,3 - Highly satisfied
413,1552,1 - Junior,35,Software,Request,2 - Normal,0 - Unassigned,3,1 - Unsatisfied
414,1208,4 - Management,26,Access/Login,Request,2 - Normal,0 - Unassigned,0,2 - Satisfied
415,1842,2 - Regular,15,Software,Request,2 - Normal,0 - Unassigned,7,3 - Highly satisfied
416,661,4 - Management,42,Systems,Request,2 - Normal,3 - High,6,3 - Highly satisfied
417,1827,1 - Junior,19,Systems,Request,2 - Normal,0 - Unassigned,19,0 - Unknown
418,56,1 - Junior,45,Systems,Issue,1 - Minor,0 - Unassigned,2,2 - Satisfied
419,1384,3 - Senior,6,Access/Login,Request,2 - Normal,0 - Unassigned,1,1 - Unsatisfied
420,644,4 - Management,50,Access/Login,Request,2 - Normal,3 - High,0,0 - Unknown
421,1789,2 - Regular,29,Software,Issue,2 - Normal,1 - Low,8,3 - Highly satisfied
422,1165,4 - Management,19,Systems,Request,2 - Normal,3 - High,14,1 - Unsatisfied
423,1064,4 - Management,34,Systems,Issue,2 - Normal,3 - High,2,3 - Highly satisfied
424,100,3 - Senior,28,Systems,Request,2 - Normal,3 - High,15,0 - Unknown
425,692,2 - Regular,22,Systems,Request,2 - Normal,3 - High,20,0 - Unknown
426,1921,3 - Senior,45,Systems,Request,2 - Normal,3 - High,5,0 - Unknown
427,97,2 - Regular,14,Systems,Request,2 - Normal,0 - Unassigned,7,0 - Unknown
428,1458,1 - Junior,8,Software,Request,2 - Normal,1 - Low,2,3 - Highly satisfied
429,568,3 - Senior,45,Software,Request,2 - Normal,3 - High,4,0 - Unknown
430,1829,1 - Junior,22,Systems,Issue,2 - Normal,1 - Low,10,2 - Satisfied
431,1694,3 - Senior,42,Access/Login,Request,2 - Normal,0 - Unassigned,1,0 - Unknown
432,65,1 - Junior,24,Hardware,Issue,2 - Normal,1 - Low,15,3 - Highly satisfied
433,718,2 - Regular,27,Software,Request,2 - Normal,1 - Low,3,0 - Unknown
434,380,1 - Junior,47,Hardware,Issue,4 - Critical,2 - Medium,5,0 - Unknown
435,876,2 - Regular,18,Software,Request,2 - Normal,0 - Unassigned,7,3 - Highly satisfied
436,1059,2 - Regular,40,Systems,Issue,2 - Normal,0 - Unassigned,6,3 - Highly satisfied
437,523,2 - Regular,1,Systems,Issue,2 - Normal,2 - Medium,13,1 - Unsatisfied
438,824,4 - Management,14,Systems,Request,2 - Normal,0 - Unassigned,5,1 - Unsatisfied
439,161,2 - Regular,7,Hardware,Request,2 - Normal,3 - High,31,1 - Unsatisfied
440,730,2 - Regular,19,Software,Request,2 - Normal,3 - High,2,0 - Unknown
441,871,2 - Regular,47,Software,Request,2 - Normal,2 - Medium,3,1 - Unsatisfied
442,1274,3 - Senior,31,Systems,Issue,2 - Normal,3 - High,8,0 - Unknown
443,1850,2 - Regular,13,Systems,Issue,2 - Normal,3 - High,11,0 - Unknown
444,946,1 - Junior,16,Software,Request,2 - Normal,2 - Medium,8,0 - Unknown
445,1905,3 - Senior,5,Access/Login,Issue,2 - Normal,0 - Unassigned,0,3 - Highly satisfied
446,477,3 - Senior,31,Software,Request,2 - Normal,3 - High,4,0 - Unknown
447,1124,2 - Regular,29,Systems,Issue,2 - Normal,0 - Unassigned,14,0 - Unknown
448,417,2 - Regular,15,Software,Request,2 - Normal,0 - Unassigned,3,0 - Unknown
449,640,2 - Regular,5,Access/Login,Request,2 - Normal,0 - Unassigned,0,2 - Satisfied
450,850,2 - Regular,27,Systems,Issue,2 - Normal,1 - Low,2,2 - Satisfied
451,1277,3 - Senior,2,Access/Login,Request,0 - Unclassified,3 - High,0,0 - Unknown
452,1604,4 - Management,24,Systems,Request,2 - Normal,0 - Unassigned,9,0 - Unknown
453,247,2 - Regular,34,Software,Request,2 - Normal,3 - High,3,3 - Highly satisfied
454,456,1 - Junior,50,Hardware,Request,2 - Normal,2 - Medium,35,0 - Unknown
455,88,3 - Senior,12,Systems,Issue,2 - Normal,3 - High,4,0 - Unknown
456,1721,1 - Junior,40,Hardware,Request,2 - Normal,0 - Unassigned,30,0 - Unknown
457,586,4 - Management,15,Access/Login,Request,3 - Major,1 - Low,1,3 - Highly satisfied
458,1442,2 - Regular,5,Software,Request,2 - Normal,0 - Unassigned,8,1 - Unsatisfied
459,1245,2 - Regular,41,Software,Request,2 - Normal,1 - Low,7,3 - Highly satisfied
460,1962,2 - Regular,39,Systems,Request,3 - Major,0 - Unassigned,17,1 - Unsatisfied
461,148,4 - Management,41,Access/Login,Issue,2 - Normal,3 - High,0,3 - Highly satisfied
462,1757,1 - Junior,22,Systems,Request,2 - Normal,1 - Low,19,0 - Unknown
463,1936,2 - Regular,9,Systems,Request,2 - Normal,0 - Unassigned,8,1 - Unsatisfied
464,1398,4 - Management,9,Software,Request,2 - Normal,3 - High,3,2 - Satisfied
465,1355,2 - Regular,14,Systems,Request,1 - Minor,1 - Low,19,3 - Highly satisfied
466,861,4 - Management,49,Access/Login,Issue,2 - Normal,0 - Unassigned,1,2 - Satisfied
467,1840,1 - Junior,31,Access/Login,Issue,2 - Normal,0 - Unassigned,0,3 - Highly satisfied
468,779,1 - Junior,15,Software,Issue,2 - Normal,3 - High,1,1 - Unsatisfied
469,56,1 - Junior,16,Access/Login,Request,2 - Normal,2 - Medium,1,1 - Unsatisfied
470,1738,2 - Regular,33,Systems,Request,2 - Normal,0 - Unassigned,20,3 - Highly satisfied
471,1511,4 - Management,12,Systems,Issue,2 - Normal,2 - Medium,2,1 - Unsatisfied
472,429,4 - Management,48,Software,Request,2 - Normal,0 - Unassigned,5,2 - Satisfied
473,410,2 - Regular,25,Access/Login,Issue,2 - Normal,0 - Unassigned,0,3 - Highly satisfied
474,1911,3 - Senior,24,Systems,Request,2 - Normal,3 - High,7,2 - Satisfied
475,1001,3 - Senior,38,Systems,Request,2 - Normal,0 - Unassigned,5,0 - Unknown
476,485,4 - Management,5,Systems,Request,2 - Normal,0 - Unassigned,5,3 - Highly satisfied
477,1292,1 - Junior,48,Access/Login,Request,2 - Normal,1 - Low,0,0 - Unknown
478,1766,1 - Junior,5,Software,Request,2 - Normal,1 - Low,9,3 - Highly satisfied
479,1639,1 - Junior,46,Hardware,Request,2 - Normal,2 - Medium,30,3 - Highly satisfied
480,1454,3 - Senior,35,Systems,Issue,2 - Normal,3 - High,3,3 - Highly satisfied
481,524,2 - Regular,6,Access/Login,Issue,3 - Major,1 - Low,1,1 - Unsatisfied
482,1131,4 - Management,47,Access/Login,Issue,3 - Major,3 - High,0,2 - Satisfied
483,1006,4 - Management,48,Access/Login,Request,2 - Normal,2 - Medium,0,2 - Satisfied
484,1720,3 - Senior,12,Systems,Issue,3 - Major,0 - Unassigned,4,0 - Unknown
485,50,2 - Regular,39,Access/Login,Issue,2 - Normal,0 - Unassigned,1,2 - Satisfied
486,1894,1 - Junior,44,Systems,Request,2 - Normal,2 - Medium,11,0 - Unknown
487,674,3 - Senior,49,Systems,Request,2 - Normal,1 - Low,18,2 - Satisfied
488,1055,3 - Senior,35,Systems,Request,2 - Normal,0 - Unassigned,5,0 - Unknown
489,446,1 - Junior,30,Hardware,Request,2 - Normal,0 - Unassigned,30,0 - Unknown
490,699,1 - Junior,45,Software,Request,2 - Normal,3 - High,7,3 - Highly satisfied
491,733,1 - Junior,16,Access/Login,Request,1 - Minor,3 - High,0,2 - Satisfied
492,917,4 - Management,42,Hardware,Issue,2 - Normal,3 - High,5,0 - Unknown
493,513,4 - Management,10,Hardware,Request,2 - Normal,0 - Unassigned,10,2 - Satisfied
494,1426,4 - Management,4,Access/Login,Request,2 - Normal,3 - High,0,3 - Highly satisfied
495,347,3 - Senior,48,Software,Request,2 - Normal,3 - High,4,3 - Highly satisfied
496,1598,4 - Management,48,Software,Request,2 - Normal,0 - Unassigned,2,3 - Highly satisfied
497,470,2 - Regular,45,Software,Request,2 - Normal,1 - Low,3,3 - Highly satisfied
498,570,2 - Regular,44,Systems,Request,2 - Normal,3 - High,8,1 - Unsatisfied
499,509,1 - Junior,5,Systems,Request,2 - Normal,2 - Medium,17,2 - Satisfied
500,1808,2 - Regular,28,Software,Request,2 - Normal,0 - Unassigned,11,0 - Unknown
501,875,4 - Management,8,Systems,Request,2 - Normal,3 - High,9,0 - Unknown
502,1842,2 - Regular,35,Access/Login,Request,2 - Normal,0 - Unassigned,0,0 - Unknown
503,189,2 - Regular,7,Access/Login,Issue,2 - Normal,0 - Unassigned,0,1 - Unsatisfied
504,508,3 - Senior,1,Access/Login,Request,3 - Major,3 - High,1,1 - Unsatisfied
505,1595,3 - Senior,3,Systems,Issue,2 - Normal,3 - High,9,2 - Satisfied
506,384,1 - Junior,24,Access/Login,Issue,1 - Minor,2 - Medium,0,3 - Highly satisfied
507,697,4 - Management,1,Systems,Request,2 - Normal,2 - Medium,17,2 - Satisfied
508,1841,2 - Regular,29,Software,Request,2 - Normal,0 - Unassigned,2,0 - Unknown
509,97,2 - Regular,10,Systems,Issue,2 - Normal,1 - Low,4,1 - Unsatisfied
510,887,2 - Regular,4,Systems,Request,2 - Normal,3 - High,14,0 - Unknown
511,31,4 - Management,6,Systems,Request,2 - Normal,3 - High,18,1 - Unsatisfied
512,92,2 - Regular,10,Access/Login,Request,2 - Normal,0 - Unassigned,0,3 - Highly satisfied
513,1928,3 - Senior,41,Access/Login,Request,2 - Normal,0 - Unassigned,0,2 - Satisfied
514,1456,4 - Management,18,Systems,Request,2 - Normal,3 - High,7,0 - Unknown
515,1931,2 - Regular,10,Systems,Request,4 - Critical,1 - Low,16,3 - Highly satisfied
516,1792,1 - Junior,46,Access/Login,Request,2 - Normal,2 - Medium,0,1 - Unsatisfied
517,1786,1 - Junior,24,Systems,Request,2 - Normal,2 - Medium,7,0 - Unknown
518,1036,3 - Senior,19,Systems,Request,2 - Normal,3 - High,13,0 - Unknown
519,592,3 - Senior,34,Access/Login,Issue,2 - Normal,3 - High,0,0 - Unknown
520,1550,4 - Management,28,Access/Login,Request,2 - Normal,3 - High,1,2 - Satisfied
521,1163,4 - Management,1,Access/Login,Issue,2 - Normal,0 - Unassigned,1,1 - Unsatisfied
522,91,2 - Regular,24,Access/Login,Issue,2 - Normal,1 - Low,0,1 - Unsatisfied
523,558,1 - Junior,3,Access/Login,Request,2 - Normal,1 - Low,0,1 - Unsatisfied
524,1691,1 - Junior,40,Access/Login,Issue,2 - Normal,0 - Unassigned,2,3 - Highly satisfied
525,1201,1 - Junior,49,Systems,Request,2 - Normal,3 - High,14,1 - Unsatisfied
526,746,3 - Senior,6,Software,Request,2 - Normal,3 - High,7,3 - Highly satisfied
527,506,2 - Regular,26,Access/Login,Request,2 - Normal,2 - Medium,1,0 - Unknown
528,169,2 - Regular,3,Hardware,Request,1 - Minor,0 - Unassigned,26,0 - Unknown
529,167,4 - Management,5,Software,Request,2 - Normal,3 - High,3,0 - Unknown
530,167,4 - Management,21,Access/Login,Request,2 - Normal,3 - High,0,3 - Highly satisfied
531,667,2 - Regular,37,Access/Login,Issue,2 - Normal,0 - Unassigned,1,1 - Unsatisfied
532,1166,1 - Junior,22,Systems,Issue,2 - Normal,1 - Low,12,1 - Unsatisfied
533,1538,4 - Management,40,Systems,Request,2 - Normal,0 - Unassigned,5,3 - Highly satisfied
534,25,2 - Regular,46,Systems,Issue,2 - Normal,0 - Unassigned,3,2 - Satisfied
535,979,3 - Senior,48,Access/Login,Issue,2 - Normal,3 - High,0,3 - Highly satisfied
536,1080,2 - Regular,5,Software,Request,2 - Normal,1 - Low,9,3 - Highly satisfied
537,419,4 - Management,22,Access/Login,Request,2 - Normal,3 - High,2,1 - Unsatisfied
538,1568,1 - Junior,2,Systems,Request,2 - Normal,1 - Low,6,3 - Highly satisfied
539,951,2 - Regular,44,Access/Login,Issue,2 - Normal,1 - Low,1,0 - Unknown
540,1748,2 - Regular,16,Software,Request,2 - Normal,3 - High,3,2 - Satisfied
541,1982,3 - Senior,48,Hardware,Issue,2 - Normal,3 - High,6,0 - Unknown
542,1925,2 - Regular,35,Systems,Request,2 - Normal,3 - High,8,3 - Highly satisfied
543,1568,1 - Junior,20,Access/Login,Request,2 - Normal,1 - Low,0,3 - Highly satisfied
544,1200,2 - Regular,37,Systems,Request,2 - Normal,1 - Low,19,3 - Highly satisfied
545,1021,2 - Regular,33,Access/Login,Request,2 - Normal,2 - Medium,0,3 - Highly satisfied
546,226,4 - Management,29,Systems,Issue,3 - Major,3 - High,2,3 - Highly satisfied
547,1724,1 - Junior,6,Software,Issue,2 - Normal,2 - Medium,2,1 - Unsatisfied
548,907,4 - Management,44,Software,Request,2 - Normal,3 - High,4,1 - Unsatisfied
549,604,4 - Management,38,Access/Login,Request,2 - Normal,3 - High,0,2 - Satisfied
550,185,2 - Regular,23,Access/Login,Request,2 - Normal,0 - Unassigned,0,3 - Highly satisfied
551,68,4 - Management,35,Systems,Request,2 - Normal,0 - Unassigned,6,0 - Unknown
552,105,4 - Management,46,Systems,Request,2 - Normal,0 - Unassigned,17,0 - Unknown
553,1858,2 - Regular,38,Software,Issue,2 - Normal,3 - High,1,3 - Highly satisfied
554,703,2 - Regular,2,Systems,Request,2 - Normal,1 - Low,5,0 - Unknown
555,76,3 - Senior,14,Access/Login,Request,2 - Normal,3 - High,0,2 - Satisfied
556,47,4 - Management,6,Software,Issue,2 - Normal,3 - High,2,1 - Unsatisfied
557,1706,2 - Regular,39,Hardware,Issue,2 - Normal,0 - Unassigned,18,1 - Unsatisfied
558,615,1 - Junior,18,Systems,Issue,4 - Critical,1 - Low,10,2 - Satisfied
559,547,2 - Regular,4,Access/Login,Request,2 - Normal,3 - High,1,0 - Unknown
560,633,4 - Management,43,Software,Request,2 - Normal,0 - Unassigned,7,3 - Highly satisfied
561,1704,2 - Regular,18,Access/Login,Request,2 - Normal,0 - Unassigned,0,0 - Unknown
562,6,3 - Senior,15,Software,Issue,2 - Normal,3 - High,2,3 - Highly satisfied
563,922,2 - Regular,17,Access/Login,Request,2 - Normal,1 - Low,0,3 - Highly satisfied
564,525,4 - Management,18,Systems,Request,2 - Normal,0 - Unassigned,7,3 - Highly satisfied
565,1817,3 - Senior,20,Software,Request,2 - Normal,3 - High,2,3 - Highly satisfied
566,267,2 - Regular,12,Systems,Request,2 - Normal,2 - Medium,5,2 - Satisfied
567,531,3 - Senior,26,Hardware,Issue,2 - Normal,0 - Unassigned,8,1 - Unsatisfied
568,1859,3 - Senior,3,Systems,Request,2 - Normal,2 - Medium,20,3 - Highly satisfied
569,469,2 - Regular,34,Systems,Request,2 - Normal,2 - Medium,7,2 - Satisfied
570,1315,3 - Senior,18,Access/Login,Request,2 - Normal,0 - Unassigned,0,2 - Satisfied
571,1174,4 - Management,26,Systems,Request,2 - Normal,3 - High,5,0 - Unknown
572,339,2 - Regular,3,Access/Login,Issue,3 - Major,0 - Unassigned,0,1 - Unsatisfied
573,1847,3 - Senior,18,Access/Login,Request,2 - Normal,2 - Medium,0,0 - Unknown
574,1907,4 - Management,42,Hardware,Issue,2 - Normal,3 - High,6,0 - Unknown
575,1764,3 - Senior,14,Software,Issue,2 - Normal,3 - High,2,3 - Highly satisfied
576,1646,2 - Regular,29,Hardware,Request,2 - Normal,3 - High,10,0 - Unknown
577,2,2 - Regular,48,Systems,Issue,1 - Minor,2 - Medium,1,0 - Unknown
578,1506,1 - Junior,28,Access/Login,Request,2 - Normal,1 - Low,0,2 - Satisfied
579,809,4 - Management,29,Systems,Request,2 - Normal,3 - High,6,1 - Unsatisfied
580,176,3 - Senior,34,Systems,Request,2 - Normal,3 - High,8,3 - Highly satisfied
581,456,1 - Junior,19,Hardware,Request,2 - Normal,1 - Low,28,0 - Unknown
582,170,3 - Senior,15,Systems,Request,1 - Minor,3 - High,5,2 - Satisfied
583,1859,3 - Senior,48,Systems,Request,2 - Normal,1 - Low,17,3 - Highly satisfied
584,1730,1 - Junior,31,Systems,Request,2 - Normal,2 - Medium,6,3 - Highly satisfied
585,1980,4 - Management,46,Systems,Request,2 - Normal,3 - High,14,0 - Unknown
586,89,1 - Junior,37,Systems,Request,2 - Normal,1 - Low,13,0 - Unknown
587,1397,1 - Junior,42,Hardware,Request,3 - Major,0 - Unassigned,29,3 - Highly satisfied
588,1909,2 - Regular,35,Systems,Request,2 - Normal,3 - High,8,1 - Unsatisfied
589,109,4 - Management,34,Access/Login,Request,2 - Normal,2 - Medium,0,0 - Unknown
590,1058,4 - Management,33,Access/Login,Request,2 - Normal,3 - High,1,0 - Unknown
591,180,4 - Management,47,Access/Login,Issue,2 - Normal,3 - High,0,3 - Highly satisfied
592,447,3 - Senior,7,Access/Login,Request,2 - Normal,2 - Medium,1,0 - Unknown
593,342,4 - Management,4,Access/Login,Request,2 - Normal,3 - High,1,2 - Satisfied
594,437,1 - Junior,7,Software,Request,2 - Normal,0 - Unassigned,15,0 - Unknown
595,555,2 - Regular,39,Access/Login,Issue,2 - Normal,0 - Unassigned,0,1 - Unsatisfied
596,326,2 - Regular,2,Software,Issue,2 - Normal,1 - Low,4,3 - Highly satisfied
597,1199,2 - Regular,48,Systems,Request,2 - Normal,2 - Medium,15,0 - Unknown
598,572,2 - Regular,23,Systems,Request,2 - Normal,3 - High,7,0 - Unknown
599,1903,1 - Junior,14,Hardware,Request,2 - Normal,0 - Unassigned,32,3 - Highly satisfied
600,791,4 - Management,49,Software,Request,2 - Normal,3 - High,10,1 - Unsatisfied
601,559,1 - Junior,39,Systems,Issue,2 - Normal,1 - Low,4,2 - Satisfied
602,1857,2 - Regular,19,Software,Request,2 - Normal,2 - Medium,3,1 - Unsatisfied
603,721,1 - Junior,37,Access/Login,Request,2 - Normal,1 - Low,1,3 - Highly satisfied
604,1594,3 - Senior,37,Systems,Request,2 - Normal,0 - Unassigned,7,2 - Satisfied
605,1429,4 - Management,4,Software,Request,2 - Normal,3 - High,5,1 - Unsatisfied
606,1669,2 - Regular,49,Software,Request,2 - Normal,1 - Low,16,1 - Unsatisfied
607,1356,2 - Regular,6,Access/Login,Issue,2 - Normal,1 - Low,0,1 - Unsatisfied
608,564,2 - Regular,33,Systems,Request,3 - Major,3 - High,15,3 - Highly satisfied
609,1039,4 - Management,30,Software,Request,2 - Normal,3 - High,3,0 - Unknown
610,541,1 - Junior,29,Access/Login,Issue,3 - Major,1 - Low,1,2 - Satisfied
611,1538,4 - Management,17,Systems,Request,2 - Normal,0 - Unassigned,8,3 - Highly satisfied
612,565,2 - Regular,35,Systems,Issue,2 - Normal,3 - High,4,1 - Unsatisfied
613,761,1 - Junior,45,Systems,Request,2 - Normal,2 - Medium,7,0 - Unknown
614,580,3 - Senior,35,Systems,Request,2 - Normal,0 - Unassigned,7,0 - Unknown
615,791,4 - Management,40,Access/Login,Request,2 - Normal,3 - High,0,3 - Highly satisfied
616,1968,1 - Junior,4,Systems,Issue,2 - Normal,3 - High,2,1 - Unsatisfied
617,1320,1 - Junior,40,Access/Login,Request,2 - Normal,0 - Unassigned,0,3 - Highly satisfied
618,1986,2 - Regular,24,Hardware,Request,2 - Normal,1 - Low,25,2 - Satisfied
619,774,2 - Regular,21,Systems,Issue,2 - Normal,0 - Unassigned,5,3 - Highly satisfied
620,103,4 - Management,35,Hardware,Issue,1 - Minor,3 - High,5,2 - Satisfied
621,956,4 - Management,38,Systems,Request,2 - Normal,3 - High,9,0 - Unknown
622,1532,3 - Senior,25,Access/Login,Request,2 - Normal,3 - High,0,2 - Satisfied
623,863,1 - Junior,23,Systems,Request,2 - Normal,2 - Medium,19,2 - Satisfied
624,1924,1 - Junior,43,Systems,Request,2 - Normal,3 - High,5,0 - Unknown
625,895,3 - Senior,47,Hardware,Request,2 - Normal,3 - High,11,0 - Unknown
626,1413,2 - Regular,37,Systems,Request,2 - Normal,3 - High,6,0 - Unknown
627,1382,3 - Senior,17,Access/Login,Request,2 - Normal,0 - Unassigned,0,3 - Highly satisfied
628,1934,1 - Junior,8,Hardware,Request,2 - Normal,1 - Low,10,3 - Highly satisfied
629,1717,3 - Senior,20,Access/Login,Issue,2 - Normal,3 - High,0,2 - Satisfied
630,867,3 - Senior,48,Access/Login,Request,2 - Normal,3 - High,0,3 - Highly satisfied
631,1919,2 - Regular,34,Hardware,Issue,2 - Normal,1 - Low,5,3 - Highly satisfied
632,1555,2 - Regular,41,Systems,Request,2 - Normal,3 - High,8,1 - Unsatisfied
633,680,1 - Junior,15,Systems,Request,2 - Normal,1 - Low,6,2 - Satisfied
634,1675,4 - Management,4,Software,Request,2 - Normal,3 - High,4,1 - Unsatisfied
635,1608,2 - Regular,2,Systems,Request,2 - Normal,0 - Unassigned,6,3 - Highly satisfied
636,1899,1 - Junior,13,Systems,Request,2 - Normal,2 - Medium,17,1 - Unsatisfied
637,816,3 - Senior,47,Hardware,Request,2 - Normal,3 - High,11,3 - Highly satisfied
638,131,2 - Regular,42,Access/Login,Request,2 - Normal,1 - Low,0,2 - Satisfied
639,1335,4 - Management,50,Systems,Request,2 - Normal,3 - High,18,3 - Highly satisfied
640,749,3 - Senior,43,Access/Login,Request,2 - Normal,1 - Low,0,3 - Highly satisfied
641,761,1 - Junior,31,Access/Login,Request,2 - Normal,0 - Unassigned,0,0 - Unknown
642,725,3 - Senior,43,Systems,Request,2 - Normal,3 - High,7,0 - Unknown
643,1661,4 - Management,27,Software,Request,2 - Normal,3 - High,4,2 - Satisfied
644,408,4 - Management,31,Software,Request,2 - Normal,0 - Unassigned,7,3 - Highly satisfied
645,1337,2 - Regular,19,Software,Request,3 - Major,3 - High,12,1 - Unsatisfied
646,826,1 - Junior,18,Hardware,Request,2 - Normal,1 - Low,37,3 - Highly satisfied
647,1418,3 - Senior,24,Access/Login,Request,2 - Normal,3 - High,0,3 - Highly satisfied
648,719,4 - Management,2,Systems,Request,2 - Normal,3 - High,5,0 - Unknown
649,1295,4 - Management,33,Software,Issue,3 - Major,3 - High,5,3 - Highly satisfied
650,1032,1 - Junior,2,Access/Login,Issue,1 - Minor,1 - Low,0,0 - Unknown
651,246,4 - Management,28,Access/Login,Request,2 - Normal,3 - High,1,0 - Unknown
652,561,3 - Senior,4,Access/Login,Request,2 - Normal,0 - Unassigned,1,1 - Unsatisfied
653,1462,4 - Management,39,Access/Login,Request,2 - Normal,3 - High,1,2 - Satisfied
654,1332,2 - Regular,13,Systems,Request,2 - Normal,1 - Low,17,1 - Unsatisfied
655,1541,4 - Management,43,Hardware,Request,2 - Normal,0 - Unassigned,12,3 - Highly satisfied
656,839,4 - Management,33,Hardware,Request,2 - Normal,2 - Medium,12,0 - Unknown
657,494,2 - Regular,30,Systems,Issue,2 - Normal,1 - Low,4,0 - Unknown
658,1997,2 - Regular,35,Hardware,Issue,2 - Normal,3 - High,7,2 - Satisfied
659,1432,2 - Regular,42,Hardware,Issue,3 - Major,0 - Unassigned,6,3 - Highly satisfied
660,1570,1 - Junior,50,Access/Login,Request,3 - Major,0 - Unassigned,0,0 - Unknown
661,678,3 - Senior,39,Access/Login,Request,2 - Normal,1 - Low,1,1 - Unsatisfied
662,986,2 - Regular,11,Software,Request,2 - Normal,3 - High,8,0 - Unknown
663,1483,3 - Senior,30,Systems,Request,2 - Normal,3 - High,6,2 - Satisfied
664,1311,2 - Regular,11,Hardware,Request,2 - Normal,3 - High,28,2 - Satisfied
665,1217,2 - Regular,50,Access/Login,Request,2 - Normal,0 - Unassigned,1,1 - Unsatisfied
666,43,1 - Junior,15,Hardware,Request,2 - Normal,1 - Low,14,0 - Unknown
667,1778,2 - Regular,11,Hardware,Request,2 - Normal,0 - Unassigned,28,3 - Highly satisfied
668,1359,3 - Senior,1,Software,Request,2 - Normal,3 - High,7,0 - Unknown
669,1185,2 - Regular,40,Access/Login,Request,2 - Normal,0 - Unassigned,0,0 - Unknown
670,503,3 - Senior,26,Software,Request,2 - Normal,2 - Medium,5,0 - Unknown
671,879,2 - Regular,24,Hardware,Issue,2 - Normal,1 - Low,6,0 - Unknown
672,1620,2 - Regular,50,Access/Login,Issue,2 - Normal,0 - Unassigned,2,1 - Unsatisfied
673,639,2 - Regular,11,Systems,Request,2 - Normal,0 - Unassigned,16,1 - Unsatisfied
674,720,4 - Management,25,Systems,Request,2 - Normal,3 - High,13,0 - Unknown
675,325,4 - Management,29,Systems,Issue,2 - Normal,0 - Unassigned,3,0 - Unknown
676,1829,1 - Junior,49,Hardware,Request,2 - Normal,1 - Low,27,1 - Unsatisfied
677,580,3 - Senior,48,Systems,Request,2 - Normal,2 - Medium,9,2 - Satisfied
678,1053,2 - Regular,12,Software,Request,2 - Normal,3 - High,3,0 - Unknown
679,812,4 - Management,6,Software,Request,2 - Normal,0 - Unassigned,16,0 - Unknown
680,1245,2 - Regular,45,Systems,Request,2 - Normal,1 - Low,6,3 - Highly satisfied
681,851,1 - Junior,12,Software,Issue,3 - Major,0 - Unassigned,7,3 - Highly satisfied
682,1133,2 - Regular,49,Systems,Request,2 - Normal,0 - Unassigned,18,2 - Satisfied
683,1217,2 - Regular,48,Systems,Request,2 - Normal,0 - Unassigned,16,0 - Unknown
684,858,4 - Management,31,Access/Login,Request,2 - Normal,2 - Medium,0,0 - Unknown
685,1638,2 - Regular,19,Access/Login,Request,2 - Normal,2 - Medium,0,0 - Unknown
686,1509,3 - Senior,21,Systems,Request,2 - Normal,3 - High,7,2 - Satisfied
687,644,4 - Management,22,Hardware,Request,2 - Normal,3 - High,43,0 - Unknown
688,1357,2 - Regular,13,Software,Request,2 - Normal,0 - Unassigned,18,1 - Unsatisfied
689,665,3 - Senior,49,Software,Request,2 - Normal,0 - Unassigned,10,0 - Unknown
690,707,2 - Regular,4,Systems,Request,2 - Normal,3 - High,13,1 - Unsatisfied
691,273,4 - Management,30,Software,Request,2 - Normal,0 - Unassigned,2,1 - Unsatisfied
692,312,3 - Senior,20,Systems,Request,2 - Normal,0 - Unassigned,7,0 - Unknown
693,527,2 - Regular,45,Access/Login,Request,2 - Normal,1 - Low,0,3 - Highly satisfied
694,178,2 - Regular,19,Systems,Request,2 - Normal,3 - High,16,3 - Highly satisfied
695,467,2 - Regular,31,Access/Login,Request,2 - Normal,0 - Unassigned,0,0 - Unknown
696,40,4 - Management,43,Systems,Request,2 - Normal,0 - Unassigned,9,1 - Unsatisfied
697,1904,1 - Junior,5,Software,Request,2 - Normal,1 - Low,7,0 - Unknown
698,1634,2 - Regular,32,Software,Issue,2 - Normal,0 - Unassigned,9,0 - Unknown
699,909,2 - Regular,10,Systems,Issue,4 - Critical,1 - Low,6,2 - Satisfied
700,201,2 - Regular,50,Systems,Request,2 - Normal,3 - High,22,2 - Satisfied
701,76,3 - Senior,21,Systems,Request,2 - Normal,3 - High,6,0 - Unknown
702,183,2 - Regular,18,Access/Login,Request,2 - Normal,3 - High,0,2 - Satisfied
703,1460,4 - Management,41,Access/Login,Issue,2 - Normal,3 - High,0,1 - Unsatisfied
704,377,3 - Senior,2,Systems,Request,2 - Normal,3 - High,9,2 - Satisfied
705,737,4 - Management,3,Access/Login,Request,2 - Normal,3 - High,1,2 - Satisfied
706,1027,1 - Junior,11,Access/Login,Issue,2 - Normal,1 - Low,1,0 - Unknown
707,1843,2 - Regular,30,Software,Issue,2 - Normal,3 - High,2,3 - Highly satisfied
708,1733,3 - Senior,10,Access/Login,Request,2 - Normal,3 - High,0,2 - Satisfied
709,1905,3 - Senior,22,Systems,Issue,2 - Normal,3 - High,2,2 - Satisfied
710,1777,3 - Senior,21,Access/Login,Request,2 - Normal,3 - High,0,0 - Unknown
711,1747,2 - Regular,35,Software,Issue,2 - Normal,2 - Medium,5,3 - Highly satisfied
712,830,2 - Regular,25,Access/Login,Request,2 - Normal,3 - High,0,3 - Highly satisfied
713,1274,3 - Senior,39,Access/Login,Issue,2 - Normal,3 - High,2,2 - Satisfied
714,1649,2 - Regular,17,Access/Login,Issue,2 - Normal,0 - Unassigned,0,3 - Highly satisfied
715,928,2 - Regular,46,Hardware,Request,2 - Normal,3 - High,30,1 - Unsatisfied
716,458,3 - Senior,47,Access/Login,Request,3 - Major,3 - High,0,1 - Unsatisfied
717,1025,3 - Senior,4,Systems,Request,2 - Normal,2 - Medium,13,3 - Highly satisfied
718,884,3 - Senior,1,Software,Issue,2 - Normal,0 - Unassigned,4,1 - Unsatisfied
719,1258,1 - Junior,39,Software,Issue,2 - Normal,1 - Low,6,1 - Unsatisfied
720,1983,1 - Junior,3,Software,Request,3 - Major,3 - High,14,2 - Satisfied
721,1914,3 - Senior,9,Software,Issue,2 - Normal,3 - High,1,2 - Satisfied
722,1100,2 - Regular,17,Access/Login,Request,2 - Normal,0 - Unassigned,0,0 - Unknown
723,955,1 - Junior,43,Systems,Request,2 - Normal,2 - Medium,8,3 - Highly satisfied
724,841,1 - Junior,15,Access/Login,Request,2 - Normal,0 - Unassigned,0,0 - Unknown
725,267,2 - Regular,28,Access/Login,Request,2 - Normal,2 - Medium,1,1 - Unsatisfied
726,261,2 - Regular,42,Access/Login,Request,2 - Normal,1 - Low,0,3 - Highly satisfied
727,1810,1 - Junior,40,Software,Request,2 - Normal,2 - Medium,7,3 - Highly satisfied
728,1614,2 - Regular,12,Systems,Request,2 - Normal,2 - Medium,6,0 - Unknown
729,726,2 - Regular,30,Access/Login,Request,2 - Normal,0 - Unassigned,0,0 - Unknown
730,1746,3 - Senior,20,Systems,Issue,2 - Normal,3 - High,2,2 - Satisfied
731,1169,2 - Regular,40,Systems,Request,2 - Normal,0 - Unassigned,9,0 - Unknown
732,1227,2 - Regular,39,Hardware,Issue,2 - Normal,0 - Unassigned,17,0 - Unknown
733,1613,3 - Senior,11,Systems,Request,2 - Normal,0 - Unassigned,17,2 - Satisfied
734,1483,3 - Senior,24,Systems,Request,2 - Normal,0 - Unassigned,5,2 - Satisfied
735,1538,4 - Management,35,Software,Issue,2 - Normal,3 - High,1,0 - Unknown
736,560,2 - Regular,10,Access/Login,Request,2 - Normal,2 - Medium,0,3 - Highly satisfied
737,884,3 - Senior,19,Access/Login,Request,2 - Normal,0 - Unassigned,0,2 - Satisfied
738,1859,3 - Senior,6,Systems,Request,2 - Normal,3 - High,15,1 - Unsatisfied
739,218,2 - Regular,33,Systems,Request,2 - Normal,2 - Medium,15,0 - Unknown
740,258,4 - Management,35,Software,Request,2 - Normal,3 - High,6,0 - Unknown
741,786,3 - Senior,14,Hardware,Request,2 - Normal,3 - High,19,3 - Highly satisfied
742,354,2 - Regular,34,Access/Login,Request,2 - Normal,0 - Unassigned,0,0 - Unknown
743,46,4 - Management,43,Systems,Request,2 - Normal,0 - Unassigned,8,3 - Highly satisfied
744,1414,1 - Junior,22,Systems,Request,2 - Normal,2 - Medium,13,0 - Unknown
745,1032,1 - Junior,32,Access/Login,Request,2 - Normal,0 - Unassigned,0,0 - Unknown
746,1864,2 - Regular,28,Access/Login,Request,2 - Normal,1 - Low,0,2 - Satisfied
747,1784,4 - Management,34,Access/Login,Request,2 - Normal,0 - Unassigned,0,0 - Unknown
748,117,2 - Regular,31,Access/Login,Request,3 - Major,1 - Low,0,3 - Highly satisfied
749,351,2 - Regular,10,Systems,Request,2 - Normal,0 - Unassigned,5,3 - Highly satisfied
750,310,2 - Regular,8,Systems,Request,2 - Normal,3 - High,5,3 - Highly satisfied
751,250,2 - Regular,2,Systems,Request,2 - Normal,0 - Unassigned,7,0 - Unknown
752,1009,3 - Senior,34,Software,Issue,2 - Normal,3 - High,7,3 - Highly satisfied
753,704,2 - Regular,5,Access/Login,Request,2 - Normal,1 - Low,0,2 - Satisfied
754,1137,2 - Regular,23,Access/Login,Request,2 - Normal,3 - High,0,3 - Highly satisfied
755,1168,2 - Regular,41,Systems,Issue,1 - Minor,2 - Medium,2,3 - Highly satisfied
756,1717,3 - Senior,28,Access/Login,Request,2 - Normal,0 - Unassigned,1,0 - Unknown
757,1058,4 - Management,1,Access/Login,Request,2 - Normal,2 - Medium,0,0 - Unknown
758,859,3 - Senior,15,Systems,Request,2 - Normal,0 - Unassigned,8,2 - Satisfied
759,528,1 - Junior,14,Software,Request,2 - Normal,0 - Unassigned,9,0 - Unknown
760,137,2 - Regular,4,Access/Login,Request,2 - Normal,0 - Unassigned,0,0 - Unknown
761,323,4 - Management,11,Systems,Request,2 - Normal,0 - Unassigned,6,1 - Unsatisfied
762,124,3 - Senior,43,Hardware,Issue,2 - Normal,3 - High,7,2 - Satisfied
763,891,1 - Junior,3,Software,Request,2 - Normal,2 - Medium,9,1 - Unsatisfied
764,814,3 - Senior,47,Systems,Request,2 - Normal,0 - Unassigned,7,3 - Highly satisfied
765,1495,2 - Regular,34,Systems,Request,2 - Normal,1 - Low,7,3 - Highly satisfied
766,1984,2 - Regular,45,Software,Request,2 - Normal,3 - High,5,0 - Unknown
767,1662,3 - Senior,45,Software,Request,2 - Normal,2 - Medium,3,3 - Highly satisfied
768,1644,4 - Management,26,Software,Issue,2 - Normal,3 - High,2,2 - Satisfied
769,1789,2 - Regular,11,Access/Login,Request,2 - Normal,2 - Medium,0,0 - Unknown
770,177,3 - Senior,8,Access/Login,Request,2 - Normal,0 - Unassigned,0,0 - Unknown
771,1710,2 - Regular,11,Systems,Request,2 - Normal,3 - High,7,1 - Unsatisfied
772,1868,2 - Regular,19,Access/Login,Request,2 - Normal,0 - Unassigned,0,1 - Unsatisfied
773,20,1 - Junior,36,Software,Issue,4 - Critical,2 - Medium,2,3 - Highly satisfied
774,247,2 - Regular,19,Access/Login,Request,2 - Normal,3 - High,0,1 - Unsatisfied
775,546,3 - Senior,12,Software,Request,2 - Normal,3 - High,6,0 - Unknown
776,477,3 - Senior,32,Software,Request,2 - Normal,0 - Unassigned,4,3 - Highly satisfied
777,1419,1 - Junior,8,Systems,Request,2 - Normal,0 - Unassigned,7,0 - Unknown
778,1301,1 - Junior,38,Access/Login,Request,2 - Normal,1 - Low,1,3 - Highly satisfied
779,112,3 - Senior,33,Systems,Request,2 - Normal,3 - High,5,1 - Unsatisfied
780,1569,3 - Senior,33,Access/Login,Request,2 - Normal,3 - High,0,0 - Unknown
781,1658,2 - Regular,35,Access/Login,Request,2 - Normal,2 - Medium,0,3 - Highly satisfied
782,236,2 - Regular,50,Access/Login,Request,2 - Normal,3 - High,1,1 - Unsatisfied
783,2,2 - Regular,8,Access/Login,Request,2 - Normal,1 - Low,0,3 - Highly satisfied
784,1881,2 - Regular,42,Access/Login,Request,2 - Normal,2 - Medium,0,2 - Satisfied
785,459,1 - Junior,16,Software,Request,2 - Normal,1 - Low,9,2 - Satisfied
786,1594,3 - Senior,33,Systems,Request,2 - Normal,3 - High,8,3 - Highly satisfied
787,914,1 - Junior,18,Software,Request,2 - Normal,0 - Unassigned,11,0 - Unknown
788,960,4 - Management,37,Access/Login,Issue,2 - Normal,0 - Unassigned,0,1 - Unsatisfied
789,1820,1 - Junior,27,Systems,Request,2 - Normal,0 - Unassigned,6,3 - Highly satisfied
790,1080,2 - Regular,9,Access/Login,Request,2 - Normal,0 - Unassigned,0,3 - Highly satisfied
791,1617,4 - Management,3,Hardware,Request,3 - Major,3 - High,34,0 - Unknown
792,97,2 - Regular,9,Systems,Request,3 - Major,3 - High,15,2 - Satisfied
793,787,2 - Regular,15,Access/Login,Request,4 - Critical,0 - Unassigned,0,0 - Unknown
794,102,2 - Regular,34,Systems,Request,2 - Normal,1 - Low,6,3 - Highly satisfied
795,1432,2 - Regular,6,Software,Request,2 - Normal,2 - Medium,9,3 - Highly satisfied
796,703,2 - Regular,26,Access/Login,Request,2 - Normal,2 - Medium,1,1 - Unsatisfied
797,1334,3 - Senior,48,Systems,Request,2 - Normal,3 - High,7,0 - Unknown
798,816,3 - Senior,41,Hardware,Request,2 - Normal,3 - High,11,3 - Highly satisfied
799,225,1 - Junior,39,Software,Issue,2 - Normal,0 - Unassigned,2,3 - Highly satisfied
800,1591,3 - Senior,47,Access/Login,Issue,2 - Normal,3 - High,0,3 - Highly satisfied
801,1149,2 - Regular,17,Systems,Request,2 - Normal,0 - Unassigned,6,0 - Unknown
802,726,2 - Regular,21,Access/Login,Request,2 - Normal,1 - Low,0,3 - Highly satisfied
803,659,2 - Regular,32,Access/Login,Issue,2 - Normal,2 - Medium,1,1 - Unsatisfied
804,482,1 - Junior,31,Access/Login,Request,2 - Normal,1 - Low,0,1 - Unsatisfied
805,1397,1 - Junior,15,Systems,Issue,1 - Minor,1 - Low,3,2 - Satisfied
806,1182,4 - Management,35,Systems,Request,2 - Normal,3 - High,5,0 - Unknown
807,298,3 - Senior,47,Software,Issue,3 - Major,0 - Unassigned,2,3 - Highly satisfied
808,1942,2 - Regular,26,Systems,Request,1 - Minor,1 - Low,16,2 - Satisfied
809,211,1 - Junior,16,Hardware,Issue,2 - Normal,3 - High,5,0 - Unknown
810,871,2 - Regular,48,Systems,Request,2 - Normal,1 - Low,20,3 - Highly satisfied
811,1655,3 - Senior,27,Software,Request,2 - Normal,1 - Low,2,3 - Highly satisfied
812,717,2 - Regular,42,Systems,Request,2 - Normal,1 - Low,11,1 - Unsatisfied
813,90,4 - Management,18,Systems,Issue,3 - Major,3 - High,3,3 - Highly satisfied
814,1117,2 - Regular,46,Software,Issue,2 - Normal,3 - High,1,1 - Unsatisfied
815,569,3 - Senior,34,Systems,Issue,2 - Normal,3 - High,3,3 - Highly satisfied
816,714,3 - Senior,48,Systems,Request,2 - Normal,3 - High,5,1 - Unsatisfied
817,489,2 - Regular,24,Systems,Request,2 - Normal,0 - Unassigned,7,3 - Highly satisfied
818,1504,3 - Senior,34,Access/Login,Request,2 - Normal,0 - Unassigned,0,0 - Unknown
819,186,3 - Senior,44,Systems,Request,2 - Normal,0 - Unassigned,14,1 - Unsatisfied
820,1152,4 - Management,10,Access/Login,Issue,2 - Normal,3 - High,0,3 - Highly satisfied
821,1879,3 - Senior,27,Software,Issue,2 - Normal,3 - High,1,3 - Highly satisfied
822,1484,1 - Junior,48,Access/Login,Issue,2 - Normal,0 - Unassigned,0,1 - Unsatisfied
823,925,2 - Regular,48,Access/Login,Request,2 - Normal,3 - High,0,0 - Unknown
824,1342,3 - Senior,35,Access/Login,Request,2 - Normal,3 - High,0,0 - Unknown
825,1194,4 - Management,38,Access/Login,Request,2 - Normal,0 - Unassigned,0,0 - Unknown
826,1020,1 - Junior,44,Systems,Issue,2 - Normal,2 - Medium,4,3 - Highly satisfied
827,1898,2 - Regular,4,Access/Login,Request,2 - Normal,1 - Low,0,0 - Unknown
828,839,4 - Management,20,Software,Request,2 - Normal,3 - High,4,0 - Unknown
829,1933,3 - Senior,2,Systems,Request,4 - Critical,3 - High,5,0 - Unknown
830,401,2 - Regular,10,Systems,Issue,2 - Normal,0 - Unassigned,2,1 - Unsatisfied
831,261,2 - Regular,19,Systems,Issue,2 - Normal,3 - High,4,1 - Unsatisfied
832,177,3 - Senior,7,Systems,Request,2 - Normal,3 - High,15,2 - Satisfied
833,1400,2 - Regular,20,Systems,Request,2 - Normal,2 - Medium,26,3 - Highly satisfied
834,1002,4 - Management,41,Systems,Request,2 - Normal,3 - High,8,3 - Highly satisfied
835,327,2 - Regular,23,Access/Login,Request,2 - Normal,3 - High,0,1 - Unsatisfied
836,1441,3 - Senior,22,Hardware,Request,2 - Normal,1 - Low,31,0 - Unknown
837,1272,3 - Senior,50,Access/Login,Request,2 - Normal,3 - High,1,2 - Satisfied
838,457,1 - Junior,21,Access/Login,Issue,2 - Normal,1 - Low,0,3 - Highly satisfied
839,1544,2 - Regular,3,Software,Issue,3 - Major,0 - Unassigned,6,1 - Unsatisfied
840,1481,2 - Regular,4,Access/Login,Request,2 - Normal,2 - Medium,2,2 - Satisfied
841,1747,2 - Regular,40,Systems,Request,2 - Normal,0 - Unassigned,7,1 - Unsatisfied
842,122,3 - Senior,49,Access/Login,Request,2 - Normal,2 - Medium,0,2 - Satisfied
843,983,2 - Regular,48,Software,Issue,1 - Minor,0 - Unassigned,1,2 - Satisfied
844,1341,2 - Regular,49,Software,Request,2 - Normal,3 - High,9,0 - Unknown
845,623,2 - Regular,36,Access/Login,Issue,2 - Normal,0 - Unassigned,0,2 - Satisfied
846,715,2 - Regular,40,Systems,Request,2 - Normal,3 - High,8,1 - Unsatisfied
847,1966,2 - Regular,14,Systems,Request,2 - Normal,3 - High,18,3 - Highly satisfied
848,1278,4 - Management,47,Access/Login,Issue,2 - Normal,3 - High,0,0 - Unknown
849,1337,2 - Regular,9,Access/Login,Request,2 - Normal,3 - High,0,0 - Unknown
850,122,3 - Senior,39,Systems,Request,2 - Normal,0 - Unassigned,15,0 - Unknown
851,1650,1 - Junior,36,Systems,Request,2 - Normal,2 - Medium,6,3 - Highly satisfied
852,1908,2 - Regular,12,Systems,Issue,2 - Normal,0 - Unassigned,3,2 - Satisfied
853,1370,4 - Management,24,Access/Login,Request,4 - Critical,3 - High,0,0 - Unknown
854,1821,1 - Junior,49,Access/Login,Request,2 - Normal,1 - Low,0,1 - Unsatisfied
855,131,2 - Regular,14,Software,Issue,2 - Normal,3 - High,1,3 - Highly satisfied
856,1589,2 - Regular,24,Software,Issue,2 - Normal,3 - High,2,1 - Unsatisfied
857,726,2 - Regular,32,Systems,Request,2 - Normal,1 - Low,19,0 - Unknown
858,1147,2 - Regular,21,Systems,Request,2 - Normal,3 - High,6,3 - Highly satisfied
859,120,1 - Junior,45,Systems,Request,2 - Normal,1 - Low,6,0 - Unknown
860,1484,1 - Junior,43,Access/Login,Request,2 - Normal,0 - Unassigned,0,0 - Unknown
861,300,3 - Senior,4,Systems,Request,2 - Normal,3 - High,20,0 - Unknown
862,725,3 - Senior,17,Systems,Request,2 - Normal,0 - Unassigned,9,0 - Unknown
863,642,2 - Regular,16,Access/Login,Request,2 - Normal,1 - Low,0,0 - Unknown
864,1136,2 - Regular,2,Access/Login,Request,2 - Normal,2 - Medium,0,0 - Unknown
865,592,3 - Senior,23,Software,Request,2 - Normal,3 - High,4,0 - Unknown
866,1667,2 - Regular,35,Systems,Request,2 - Normal,2 - Medium,6,1 - Unsatisfied
867,226,4 - Management,29,Access/Login,Request,2 - Normal,0 - Unassigned,0,0 - Unknown
868,195,3 - Senior,26,Systems,Request,2 - Normal,3 - High,6,0 - Unknown
869,1684,2 - Regular,45,Access/Login,Issue,2 - Normal,0 - Unassigned,0,3 - Highly satisfied
870,215,3 - Senior,43,Systems,Request,2 - Normal,1 - Low,13,0 - Unknown
871,1568,1 - Junior,50,Access/Login,Request,2 - Normal,1 - Low,0,0 - Unknown
872,1353,2 - Regular,35,Software,Request,2 - Normal,2 - Medium,2,0 - Unknown
873,565,2 - Regular,33,Systems,Request,2 - Normal,0 - Unassigned,14,0 - Unknown
874,1661,4 - Management,28,Software,Request,2 - Normal,3 - High,13,1 - Unsatisfied
875,1110,2 - Regular,31,Systems,Issue,2 - Normal,3 - High,1,2 - Satisfied
876,1128,2 - Regular,39,Systems,Request,2 - Normal,3 - High,20,0 - Unknown
877,383,2 - Regular,2,Access/Login,Request,2 - Normal,3 - High,0,0 - Unknown
878,289,3 - Senior,28,Access/Login,Request,2 - Normal,3 - High,0,1 - Unsatisfied
879,1176,3 - Senior,40,Systems,Issue,2 - Normal,2 - Medium,2,1 - Unsatisfied
880,1521,2 - Regular,8,Software,Request,2 - Normal,1 - Low,7,1 - Unsatisfied
881,1817,3 - Senior,17,Access/Login,Request,2 - Normal,0 - Unassigned,0,3 - Highly satisfied
882,393,2 - Regular,44,Systems,Request,2 - Normal,3 - High,6,2 - Satisfied
883,1937,2 - Regular,41,Software,Issue,2 - Normal,0 - Unassigned,3,0 - Unknown
884,125,3 - Senior,18,Software,Request,2 - Normal,3 - High,6,3 - Highly satisfied
885,47,4 - Management,48,Access/Login,Issue,2 - Normal,0 - Unassigned,0,1 - Unsatisfied
886,1412,2 - Regular,14,Access/Login,Request,4 - Critical,0 - Unassigned,2,2 - Satisfied
887,1015,4 - Management,11,Systems,Issue,2 - Normal,3 - High,1,0 - Unknown
888,270,1 - Junior,50,Access/Login,Request,2 - Normal,1 - Low,1,1 - Unsatisfied
889,195,3 - Senior,43,Hardware,Request,2 - Normal,0 - Unassigned,10,2 - Satisfied
890,954,1 - Junior,36,Software,Issue,2 - Normal,1 - Low,3,3 - Highly satisfied
891,1265,4 - Management,6,Systems,Issue,2 - Normal,0 - Unassigned,11,2 - Satisfied
892,1517,3 - Senior,42,Software,Request,2 - Normal,3 - High,3,0 - Unknown
893,343,2 - Regular,13,Access/Login,Request,3 - Major,3 - High,0,1 - Unsatisfied
894,1669,2 - Regular,35,Systems,Issue,2 - Normal,1 - Low,6,1 - Unsatisfied
895,747,4 - Management,27,Access/Login,Issue,2 - Normal,3 - High,0,3 - Highly satisfied
896,852,1 - Junior,49,Systems,Issue,3 - Major,0 - Unassigned,7,0 - Unknown
897,191,3 - Senior,17,Systems,Request,2 - Normal,2 - Medium,6,1 - Unsatisfied
898,872,3 - Senior,21,Software,Request,2 - Normal,3 - High,5,0 - Unknown
899,264,4 - Management,47,Systems,Issue,2 - Normal,3 - High,1,0 - Unknown
900,1696,1 - Junior,17,Software,Issue,2 - Normal,0 - Unassigned,1,0 - Unknown
901,1458,1 - Junior,16,Access/Login,Request,2 - Normal,0 - Unassigned,0,3 - Highly satisfied
902,1673,4 - Management,48,Systems,Request,2 - Normal,3 - High,5,2 - Satisfied
903,1565,2 - Regular,31,Systems,Issue,2 - Normal,1 - Low,2,3 - Highly satisfied
904,215,3 - Senior,12,Access/Login,Request,2 - Normal,0 - Unassigned,0,3 - Highly satisfied
905,20,1 - Junior,21,Access/Login,Request,2 - Normal,1 - Low,0,0 - Unknown
906,1459,1 - Junior,43,Access/Login,Request,2 - Normal,2 - Medium,0,3 - Highly satisfied
907,827,2 - Regular,6,Software,Request,2 - Normal,3 - High,8,0 - Unknown
908,1098,2 - Regular,48,Access/Login,Request,2 - Normal,1 - Low,0,0 - Unknown
909,1478,2 - Regular,3,Hardware,Issue,3 - Major,2 - Medium,33,0 - Unknown
910,1440,2 - Regular,33,Access/Login,Request,2 - Normal,1 - Low,0,0 - Unknown
911,242,4 - Management,41,Access/Login,Request,2 - Normal,3 - High,0,3 - Highly satisfied
912,424,3 - Senior,50,Software,Request,2 - Normal,0 - Unassigned,12,1 - Unsatisfied
913,1590,4 - Management,24,Systems,Request,2 - Normal,0 - Unassigned,6,3 - Highly satisfied
914,1590,4 - Management,19,Systems,Request,2 - Normal,3 - High,5,1 - Unsatisfied
915,797,2 - Regular,35,Access/Login,Request,2 - Normal,1 - Low,0,3 - Highly satisfied
916,631,1 - Junior,42,Systems,Request,2 - Normal,2 - Medium,7,1 - Unsatisfied
917,1407,4 - Management,12,Systems,Request,2 - Normal,0 - Unassigned,11,3 - Highly satisfied
918,200,3 - Senior,25,Systems,Issue,2 - Normal,3 - High,6,3 - Highly satisfied
919,1270,1 - Junior,12,Access/Login,Request,2 - Normal,0 - Unassigned,0,0 - Unknown
920,1570,1 - Junior,27,Systems,Request,2 - Normal,0 - Unassigned,6,3 - Highly satisfied
921,39,4 - Management,32,Hardware,Request,2 - Normal,0 - Unassigned,11,0 - Unknown
922,489,2 - Regular,22,Access/Login,Request,2 - Normal,1 - Low,1,0 - Unknown
923,1270,1 - Junior,11,Systems,Request,2 - Normal,0 - Unassigned,5,3 - Highly satisfied
924,780,3 - Senior,41,Software,Request,2 - Normal,3 - High,5,0 - Unknown
925,1583,1 - Junior,17,Hardware,Issue,3 - Major,2 - Medium,6,3 - Highly satisfied
926,1217,2 - Regular,21,Access/Login,Request,2 - Normal,3 - High,0,3 - Highly satisfied
927,1709,2 - Regular,13,Systems,Request,2 - Normal,3 - High,18,1 - Unsatisfied
928,221,3 - Senior,19,Access/Login,Request,2 - Normal,3 - High,0,3 - Highly satisfied
929,724,1 - Junior,2,Hardware,Issue,2 - Normal,1 - Low,5,3 - Highly satisfied
930,1513,2 - Regular,24,Systems,Issue,2 - Normal,2 - Medium,2,2 - Satisfied
931,1112,2 - Regular,47,Hardware,Issue,2 - Normal,0 - Unassigned,7,0 - Unknown
932,1786,1 - Junior,50,Access/Login,Request,2 - Normal,1 - Low,0,1 - Unsatisfied
933,616,3 - Senior,11,Software,Request,2 - Normal,3 - High,3,3 - Highly satisfied
934,1587,2 - Regular,32,Hardware,Request,2 - Normal,0 - Unassigned,10,1 - Unsatisfied
935,1612,2 - Regular,33,Systems,Request,2 - Normal,3 - High,7,0 - Unknown
936,849,2 - Regular,38,Systems,Issue,2 - Normal,3 - High,2,0 - Unknown
937,1713,4 - Management,40,Access/Login,Issue,2 - Normal,3 - High,0,1 - Unsatisfied
938,631,1 - Junior,24,Software,Request,2 - Normal,0 - Unassigned,5,1 - Unsatisfied
939,885,3 - Senior,12,Access/Login,Request,2 - Normal,3 - High,0,3 - Highly satisfied
940,1326,1 - Junior,35,Software,Request,2 - Normal,1 - Low,6,1 - Unsatisfied
941,246,4 - Management,45,Access/Login,Request,2 - Normal,3 - High,0,3 - Highly satisfied
942,459,1 - Junior,45,Systems,Request,2 - Normal,1 - Low,5,3 - Highly satisfied
943,1046,2 - Regular,46,Software,Request,2 - Normal,3 - High,12,0 - Unknown
944,1609,4 - Management,24,Hardware,Request,2 - Normal,0 - Unassigned,11,3 - Highly satisfied
945,932,4 - Management,20,Systems,Request,2 - Normal,0 - Unassigned,26,2 - Satisfied
946,259,1 - Junior,16,Systems,Request,2 - Normal,1 - Low,14,0 - Unknown
947,657,4 - Management,25,Systems,Request,2 - Normal,3 - High,23,1 - Unsatisfied
948,42,2 - Regular,12,Systems,Issue,1 - Minor,2 - Medium,1,3 - Highly satisfied
949,963,1 - Junior,4,Hardware,Request,2 - Normal,1 - Low,31,1 - Unsatisfied
950,1740,3 - Senior,40,Access/Login,Request,2 - Normal,0 - Unassigned,0,2 - Satisfied
951,556,4 - Management,37,Software,Request,2 - Normal,3 - High,3,3 - Highly satisfied
952,1817,3 - Senior,19,Systems,Request,2 - Normal,2 - Medium,7,1 - Unsatisfied
953,1011,2 - Regular,38,Access/Login,Request,2 - Normal,1 - Low,0,0 - Unknown
954,1067,3 - Senior,32,Software,Request,2 - Normal,2 - Medium,3,0 - Unknown
955,1226,2 - Regular,14,Software,Issue,2 - Normal,3 - High,5,0 - Unknown
956,299,2 - Regular,1,Systems,Request,2 - Normal,3 - High,15,1 - Unsatisfied
957,540,2 - Regular,24,Systems,Request,2 - Normal,0 - Unassigned,10,3 - Highly satisfied
958,1936,2 - Regular,21,Hardware,Request,2 - Normal,0 - Unassigned,10,0 - Unknown
959,243,2 - Regular,17,Systems,Request,2 - Normal,2 - Medium,9,3 - Highly satisfied
960,1786,1 - Junior,8,Software,Request,2 - Normal,0 - Unassigned,7,1 - Unsatisfied
961,1382,3 - Senior,34,Access/Login,Request,2 - Normal,3 - High,0,0 - Unknown
962,1045,4 - Management,14,Access/Login,Request,2 - Normal,3 - High,0,3 - Highly satisfied
963,943,3 - Senior,20,Systems,Request,2 - Normal,3 - High,10,3 - Highly satisfied
964,233,2 - Regular,33,Software,Request,2 - Normal,3 - High,6,0 - Unknown
965,754,2 - Regular,30,Software,Request,2 - Normal,0 - Unassigned,7,2 - Satisfied
966,775,2 - Regular,47,Access/Login,Request,2 - Normal,0 - Unassigned,0,3 - Highly satisfied
967,462,1 - Junior,45,Access/Login,Request,2 - Normal,3 - High,1,0 - Unknown
968,1068,2 - Regular,8,Access/Login,Request,2 - Normal,1 - Low,1,3 - Highly satisfied
969,1558,2 - Regular,29,Access/Login,Issue,2 - Normal,3 - High,0,0 - Unknown
970,590,4 - Management,46,Access/Login,Issue,2 - Normal,0 - Unassigned,0,1 - Unsatisfied
971,990,3 - Senior,33,Systems,Request,2 - Normal,3 - High,7,0 - Unknown
972,1395,2 - Regular,1,Hardware,Request,2 - Normal,1 - Low,26,0 - Unknown
973,463,2 - Regular,42,Access/Login,Request,2 - Normal,3 - High,0,0 - Unknown
974,1854,2 - Regular,3,Systems,Request,3 - Major,2 - Medium,14,3 - Highly satisfied
975,1572,2 - Regular,32,Software,Request,2 - Normal,0 - Unassigned,11,0 - Unknown
976,1879,3 - Senior,23,Access/Login,Request,2 - Normal,3 - High,0,0 - Unknown
977,270,1 - Junior,48,Software,Issue,2 - Normal,1 - Low,2,3 - Highly satisfied
978,546,3 - Senior,5,Access/Login,Request,2 - Normal,3 - High,0,3 - Highly satisfied
979,1797,2 - Regular,44,Systems,Issue,2 - Normal,3 - High,1,0 - Unknown
980,703,2 - Regular,18,Systems,Issue,2 - Normal,2 - Medium,8,0 - Unknown
981,1845,3 - Senior,48,Systems,Issue,2 - Normal,1 - Low,3,3 - Highly satisfied
982,1552,1 - Junior,30,Access/Login,Request,2 - Normal,2 - Medium,0,1 - Unsatisfied
983,214,3 - Senior,7,Access/Login,Request,3 - Major,3 - High,0,1 - Unsatisfied
984,160,2 - Regular,45,Systems,Issue,2 - Normal,1 - Low,3,3 - Highly satisfied
985,1813,1 - Junior,42,Systems,Request,2 - Normal,0 - Unassigned,6,1 - Unsatisfied
986,1549,2 - Regular,10,Access/Login,Request,1 - Minor,0 - Unassigned,0,0 - Unknown
987,1365,2 - Regular,11,Access/Login,Issue,2 - Normal,0 - Unassigned,0,0 - Unknown
988,1762,2 - Regular,39,Software,Request,2 - Normal,0 - Unassigned,15,0 - Unknown
989,1392,1 - Junior,11,Systems,Issue,4 - Critical,1 - Low,6,2 - Satisfied
990,1673,4 - Management,26,Systems,Issue,2 - Normal,3 - High,5,3 - Highly satisfied
991,178,2 - Regular,26,Access/Login,Issue,2 - Normal,0 - Unassigned,1,0 - Unknown
992,1669,2 - Regular,43,Systems,Request,2 - Normal,1 - Low,7,2 - Satisfied
993,780,3 - Senior,48,Systems,Request,2 - Normal,3 - High,5,3 - Highly satisfied
994,1068,2 - Regular,11,Systems,Request,2 - Normal,1 - Low,22,2 - Satisfied
995,919,2 - Regular,46,Systems,Request,4 - Critical,0 - Unassigned,19,0 - Unknown
996,526,4 - Management,37,Systems,Issue,2 - Normal,3 - High,4,3 - Highly satisfied
997,1560,2 - Regular,2,Access/Login,Request,2 - Normal,3 - High,0,1 - Unsatisfied
998,688,1 - Junior,32,Systems,Request,2 - Normal,1 - Low,25,2 - Satisfied
999,1918,4 - Management,23,Software,Request,2 - Normal,3 - High,3,3 - Highly satisfied
1000,506,2 - Regular,46,Systems,Request,2 - Normal,3 - High,13,1 - Unsatisfied